id_cliente,numero_identificacion,nombre_completo,correo_electronico,telefono,direccion,activo,creado_en,modificado_en,creado_por,modificado_por
1,1750000001,Ana Rodriguez Torres,ana.rodriguez1@gmail.com,+593908000023,"Calle Guayaquil N14-19, Cuenca",t,2026-07-17 19:22:27.718562-05,2026-07-17 19:22:27.718562-05,generator_script,
2,1750000002,Luis Ramirez Viteri,luis.ramirez2@gmail.com,+593908000046,"Av. De los Shyris N18-28, Manta",t,2026-07-17 19:22:27.718562-05,2026-07-17 19:22:27.718562-05,generator_script,
3,1750000003,Gabriela Diaz Vega,gabriela.diaz3@gmail.com,+593908000069,"Calle Venezuela N22-37, Guayaquil",t,2026-07-17 19:22:27.718562-05,2026-07-17 19:22:27.718562-05,generator_script,
4,1750000004,Jorge Alvear Rodriguez,jorge.alvear4@gmail.com,+593908000092,"Av. 10 de Agosto N26-46, Ambato",t,2026-07-17 19:22:27.718562-05,2026-07-17 19:22:27.718562-05,generator_script,
5,1750000005,Silvia Cardenas Castro,silvia.cardenas5@gmail.com,+593908000115,"Calle Flores N30-55, Quito",t,2026-07-17 19:22:27.718562-05,2026-07-17 19:22:27.718562-05,generator_script,
6,1750000006,Jose Espinosa Morales,jose.espinosa6@gmail.com,+593908000138,"Av. Republica N34-64, Cuenca",t,2026-07-17 19:22:27.718562-05,2026-07-17 19:22:27.718562-05,generator_script,
7,1750000007,Camila Vega Paredes,camila.vega7@gmail.com,+593908000161,"Calle Bolivar N38-73, Manta",t,2026-07-17 19:22:27.718562-05,2026-07-17 19:22:27.718562-05,generator_script,
8,1750000008,David Paredes Ramirez,david.paredes8@gmail.com,+593908000184,"Av. Eloy Alfaro N42-82, Guayaquil",t,2026-07-17 19:22:27.718562-05,2026-07-17 19:22:27.718562-05,generator_script,
9,1750000009,Valeria Martinez Ortiz,valeria.martinez9@gmail.com,+593908000207,"Calle Esmeraldas N46-11, Ambato",t,2026-07-17 19:22:27.718562-05,2026-07-17 19:22:27.718562-05,generator_script,
10,1750000010,Diego Sanchez Delgado,diego.sanchez10@gmail.com,+593908000230,"Av. Amazonas N50-20, Quito",t,2026-07-17 19:22:27.718562-05,2026-07-17 19:22:27.718562-05,generator_script,
11,1750000011,Andrea Flores Martinez,andrea.flores11@gmail.com,+593908000253,"Calle Guayaquil N54-29, Cuenca",t,2026-07-17 19:22:27.718562-05,2026-07-17 19:22:27.718562-05,generator_script,
12,1750000012,Daniel Silva Diaz,daniel.silva12@gmail.com,+593908000276,"Av. De los Shyris N58-38, Manta",t,2026-07-17 19:22:27.718562-05,2026-07-17 19:22:27.718562-05,generator_script,
13,1750000013,Carla Viteri Cabrera,carla.viteri13@gmail.com,+593908000299,"Calle Venezuela N62-47, Guayaquil",t,2026-07-17 19:22:27.718562-05,2026-07-17 19:22:27.718562-05,generator_script,
14,1750000014,Mario Morales Mora,mario.morales14@gmail.com,+593908000322,"Av. 10 de Agosto N66-56, Ambato",t,2026-07-17 19:22:27.718562-05,2026-07-17 19:22:27.718562-05,generator_script,
15,1750000015,Veronica Delgado Sanchez,veronica.delgado15@gmail.com,+593908000345,"Calle Flores N70-65, Quito",t,2026-07-17 19:22:27.718562-05,2026-07-17 19:22:27.718562-05,generator_script,
16,1750000016,Manuel Mora Alvear,manuel.mora16@gmail.com,+593908000368,"Av. Republica N74-74, Cuenca",t,2026-07-17 19:22:27.718562-05,2026-07-17 19:22:27.718562-05,generator_script,
17,1750000017,Estefania Lopez Rivas,estefania.lopez17@gmail.com,+593908000391,"Calle Bolivar N78-83, Manta",t,2026-07-17 19:22:27.718562-05,2026-07-17 19:22:27.718562-05,generator_script,
18,1750000018,Alejandro Perez Lopez,alejandro.perez18@gmail.com,+593908000414,"Av. Eloy Alfaro N82-12, Guayaquil",t,2026-07-17 19:22:27.718562-05,2026-07-17 19:22:27.718562-05,generator_script,
19,1750000019,Adriana Torres Flores,adriana.torres19@gmail.com,+593908000437,"Calle Esmeraldas N86-21, Ambato",t,2026-07-17 19:22:27.718562-05,2026-07-17 19:22:27.718562-05,generator_script,
20,1750000020,Juan Castro Cardenas,juan.castro20@gmail.com,+593908000460,"Av. Amazonas N90-30, Quito",t,2026-07-17 19:22:27.718562-05,2026-07-17 19:22:27.718562-05,generator_script,
21,1750000021,Ana Ortiz Solis,ana.ortiz21@gmail.com,+593908000483,"Calle Guayaquil N94-39, Cuenca",t,2026-07-17 19:22:27.718562-05,2026-07-17 19:22:27.718562-05,generator_script,
22,1750000022,Luis Cabrera Perez,luis.cabrera22@gmail.com,+593908000506,"Av. De los Shyris N98-48, Manta",t,2026-07-17 19:22:27.718562-05,2026-07-17 19:22:27.718562-05,generator_script,
23,1750000023,Gabriela Rivas Silva,gabriela.rivas23@gmail.com,+593908000529,"Calle Venezuela N12-57, Guayaquil",t,2026-07-17 19:22:27.718562-05,2026-07-17 19:22:27.718562-05,generator_script,
24,1750000024,Jorge Solis Espinosa,jorge.solis24@gmail.com,+593908000552,"Av. 10 de Agosto N16-66, Ambato",t,2026-07-17 19:22:27.718562-05,2026-07-17 19:22:27.718562-05,generator_script,
25,1750000025,Silvia Gomez Gomez,silvia.gomez25@gmail.com,+593908000575,"Calle Flores N20-75, Quito",t,2026-07-17 19:22:27.718562-05,2026-07-17 19:22:27.718562-05,generator_script,
26,1750000026,Jose Rodriguez Torres,jose.rodriguez26@gmail.com,+593908000598,"Av. Republica N24-84, Cuenca",t,2026-07-17 19:22:27.718562-05,2026-07-17 19:22:27.718562-05,generator_script,
27,1750000027,Camila Ramirez Viteri,camila.ramirez27@gmail.com,+593908000621,"Calle Bolivar N28-13, Manta",t,2026-07-17 19:22:27.718562-05,2026-07-17 19:22:27.718562-05,generator_script,
28,1750000028,David Diaz Vega,david.diaz28@gmail.com,+593908000644,"Av. Eloy Alfaro N32-22, Guayaquil",t,2026-07-17 19:22:27.718562-05,2026-07-17 19:22:27.718562-05,generator_script,
29,1750000029,Valeria Alvear Rodriguez,valeria.alvear29@gmail.com,+593908000667,"Calle Esmeraldas N36-31, Ambato",t,2026-07-17 19:22:27.718562-05,2026-07-17 19:22:27.718562-05,generator_script,
30,1750000030,Diego Cardenas Castro,diego.cardenas30@gmail.com,+593908000690,"Av. Amazonas N40-40, Quito",t,2026-07-17 19:22:27.718562-05,2026-07-17 19:22:27.718562-05,generator_script,
31,1750000031,Andrea Espinosa Morales,andrea.espinosa31@gmail.com,+593908000713,"Calle Guayaquil N44-49, Cuenca",t,2026-07-17 19:22:27.718562-05,2026-07-17 19:22:27.718562-05,generator_script,
32,1750000032,Daniel Vega Paredes,daniel.vega32@gmail.com,+593908000736,"Av. De los Shyris N48-58, Manta",t,2026-07-17 19:22:27.718562-05,2026-07-17 19:22:27.718562-05,generator_script,
33,1750000033,Carla Paredes Ramirez,carla.paredes33@gmail.com,+593908000759,"Calle Venezuela N52-67, Guayaquil",t,2026-07-17 19:22:27.718562-05,2026-07-17 19:22:27.718562-05,generator_script,
34,1750000034,Mario Martinez Ortiz,mario.martinez34@gmail.com,+593908000782,"Av. 10 de Agosto N56-76, Ambato",t,2026-07-17 19:22:27.718562-05,2026-07-17 19:22:27.718562-05,generator_script,
35,1750000035,Veronica Sanchez Delgado,veronica.sanchez35@gmail.com,+593908000805,"Calle Flores N60-85, Quito",t,2026-07-17 19:22:27.718562-05,2026-07-17 19:22:27.718562-05,generator_script,
36,1750000036,Manuel Flores Martinez,manuel.flores36@gmail.com,+593908000828,"Av. Republica N64-14, Cuenca",t,2026-07-17 19:22:27.718562-05,2026-07-17 19:22:27.718562-05,generator_script,
37,1750000037,Estefania Silva Diaz,estefania.silva37@gmail.com,+593908000851,"Calle Bolivar N68-23, Manta",t,2026-07-17 19:22:27.718562-05,2026-07-17 19:22:27.718562-05,generator_script,
38,1750000038,Alejandro Viteri Cabrera,alejandro.viteri38@gmail.com,+593908000874,"Av. Eloy Alfaro N72-32, Guayaquil",t,2026-07-17 19:22:27.718562-05,2026-07-17 19:22:27.718562-05,generator_script,
39,1750000039,Adriana Morales Mora,adriana.morales39@gmail.com,+593908000897,"Calle Esmeraldas N76-41, Ambato",t,2026-07-17 19:22:27.718562-05,2026-07-17 19:22:27.718562-05,generator_script,
40,1750000040,Juan Delgado Sanchez,juan.delgado40@gmail.com,+593908000920,"Av. Amazonas N80-50, Quito",t,2026-07-17 19:22:27.718562-05,2026-07-17 19:22:27.718562-05,generator_script,
41,1750000041,Ana Mora Alvear,ana.mora41@gmail.com,+593908000943,"Calle Guayaquil N84-59, Cuenca",t,2026-07-17 19:22:27.718562-05,2026-07-17 19:22:27.718562-05,generator_script,
42,1750000042,Luis Lopez Rivas,luis.lopez42@gmail.com,+593908000966,"Av. De los Shyris N88-68, Manta",t,2026-07-17 19:22:27.718562-05,2026-07-17 19:22:27.718562-05,generator_script,
43,1750000043,Gabriela Perez Lopez,gabriela.perez43@gmail.com,+593908000989,"Calle Venezuela N92-77, Guayaquil",t,2026-07-17 19:22:27.718562-05,2026-07-17 19:22:27.718562-05,generator_script,
44,1750000044,Jorge Torres Flores,jorge.torres44@gmail.com,+593908001012,"Av. 10 de Agosto N96-86, Ambato",t,2026-07-17 19:22:27.718562-05,2026-07-17 19:22:27.718562-05,generator_script,
45,1750000045,Silvia Castro Cardenas,silvia.castro45@gmail.com,+593908001035,"Calle Flores N10-15, Quito",t,2026-07-17 19:22:27.718562-05,2026-07-17 19:22:27.718562-05,generator_script,
46,1750000046,Jose Ortiz Solis,jose.ortiz46@gmail.com,+593908001058,"Av. Republica N14-24, Cuenca",t,2026-07-17 19:22:27.718562-05,2026-07-17 19:22:27.718562-05,generator_script,
47,1750000047,Camila Cabrera Perez,camila.cabrera47@gmail.com,+593908001081,"Calle Bolivar N18-33, Manta",t,2026-07-17 19:22:27.718562-05,2026-07-17 19:22:27.718562-05,generator_script,
48,1750000048,David Rivas Silva,david.rivas48@gmail.com,+593908001104,"Av. Eloy Alfaro N22-42, Guayaquil",t,2026-07-17 19:22:27.718562-05,2026-07-17 19:22:27.718562-05,generator_script,
49,1750000049,Valeria Solis Espinosa,valeria.solis49@gmail.com,+593908001127,"Calle Esmeraldas N26-51, Ambato",t,2026-07-17 19:22:27.718562-05,2026-07-17 19:22:27.718562-05,generator_script,
50,1750000050,Diego Gomez Gomez,diego.gomez50@gmail.com,+593908001150,"Av. Amazonas N30-60, Quito",t,2026-07-17 19:22:27.718562-05,2026-07-17 19:22:27.718562-05,generator_script,
51,1750000051,Andrea Rodriguez Torres,andrea.rodriguez51@gmail.com,+593908001173,"Calle Guayaquil N34-69, Cuenca",t,2026-07-17 19:22:27.718562-05,2026-07-17 19:22:27.718562-05,generator_script,
52,1750000052,Daniel Ramirez Viteri,daniel.ramirez52@gmail.com,+593908001196,"Av. De los Shyris N38-78, Manta",t,2026-07-17 19:22:27.718562-05,2026-07-17 19:22:27.718562-05,generator_script,
53,1750000053,Carla Diaz Vega,carla.diaz53@gmail.com,+593908001219,"Calle Venezuela N42-87, Guayaquil",t,2026-07-17 19:22:27.718562-05,2026-07-17 19:22:27.718562-05,generator_script,
54,1750000054,Mario Alvear Rodriguez,mario.alvear54@gmail.com,+593908001242,"Av. 10 de Agosto N46-16, Ambato",t,2026-07-17 19:22:27.718562-05,2026-07-17 19:22:27.718562-05,generator_script,
55,1750000055,Veronica Cardenas Castro,veronica.cardenas55@gmail.com,+593908001265,"Calle Flores N50-25, Quito",t,2026-07-17 19:22:27.718562-05,2026-07-17 19:22:27.718562-05,generator_script,
56,1750000056,Manuel Espinosa Morales,manuel.espinosa56@gmail.com,+593908001288,"Av. Republica N54-34, Cuenca",t,2026-07-17 19:22:27.718562-05,2026-07-17 19:22:27.718562-05,generator_script,
57,1750000057,Estefania Vega Paredes,estefania.vega57@gmail.com,+593908001311,"Calle Bolivar N58-43, Manta",t,2026-07-17 19:22:27.718562-05,2026-07-17 19:22:27.718562-05,generator_script,
58,1750000058,Alejandro Paredes Ramirez,alejandro.paredes58@gmail.com,+593908001334,"Av. Eloy Alfaro N62-52, Guayaquil",t,2026-07-17 19:22:27.718562-05,2026-07-17 19:22:27.718562-05,generator_script,
59,1750000059,Adriana Martinez Ortiz,adriana.martinez59@gmail.com,+593908001357,"Calle Esmeraldas N66-61, Ambato",t,2026-07-17 19:22:27.718562-05,2026-07-17 19:22:27.718562-05,generator_script,
60,1750000060,Juan Sanchez Delgado,juan.sanchez60@gmail.com,+593908001380,"Av. Amazonas N70-70, Quito",t,2026-07-17 19:22:27.718562-05,2026-07-17 19:22:27.718562-05,generator_script,
61,1750000061,Ana Flores Martinez,ana.flores61@gmail.com,+593908001403,"Calle Guayaquil N74-79, Cuenca",t,2026-07-17 19:22:27.718562-05,2026-07-17 19:22:27.718562-05,generator_script,
62,1750000062,Luis Silva Diaz,luis.silva62@gmail.com,+593908001426,"Av. De los Shyris N78-88, Manta",t,2026-07-17 19:22:27.718562-05,2026-07-17 19:22:27.718562-05,generator_script,
63,1750000063,Gabriela Viteri Cabrera,gabriela.viteri63@gmail.com,+593908001449,"Calle Venezuela N82-17, Guayaquil",t,2026-07-17 19:22:27.718562-05,2026-07-17 19:22:27.718562-05,generator_script,
64,1750000064,Jorge Morales Mora,jorge.morales64@gmail.com,+593908001472,"Av. 10 de Agosto N86-26, Ambato",t,2026-07-17 19:22:27.718562-05,2026-07-17 19:22:27.718562-05,generator_script,
65,1750000065,Silvia Delgado Sanchez,silvia.delgado65@gmail.com,+593908001495,"Calle Flores N90-35, Quito",t,2026-07-17 19:22:27.718562-05,2026-07-17 19:22:27.718562-05,generator_script,
66,1750000066,Jose Mora Alvear,jose.mora66@gmail.com,+593908001518,"Av. Republica N94-44, Cuenca",t,2026-07-17 19:22:27.718562-05,2026-07-17 19:22:27.718562-05,generator_script,
67,1750000067,Camila Lopez Rivas,camila.lopez67@gmail.com,+593908001541,"Calle Bolivar N98-53, Manta",t,2026-07-17 19:22:27.718562-05,2026-07-17 19:22:27.718562-05,generator_script,
68,1750000068,David Perez Lopez,david.perez68@gmail.com,+593908001564,"Av. Eloy Alfaro N12-62, Guayaquil",t,2026-07-17 19:22:27.718562-05,2026-07-17 19:22:27.718562-05,generator_script,
69,1750000069,Valeria Torres Flores,valeria.torres69@gmail.com,+593908001587,"Calle Esmeraldas N16-71, Ambato",t,2026-07-17 19:22:27.718562-05,2026-07-17 19:22:27.718562-05,generator_script,
70,1750000070,Diego Castro Cardenas,diego.castro70@gmail.com,+593908001610,"Av. Amazonas N20-80, Quito",t,2026-07-17 19:22:27.718562-05,2026-07-17 19:22:27.718562-05,generator_script,
71,1750000071,Andrea Ortiz Solis,andrea.ortiz71@gmail.com,+593908001633,"Calle Guayaquil N24-89, Cuenca",t,2026-07-17 19:22:27.718562-05,2026-07-17 19:22:27.718562-05,generator_script,
72,1750000072,Daniel Cabrera Perez,daniel.cabrera72@gmail.com,+593908001656,"Av. De los Shyris N28-18, Manta",t,2026-07-17 19:22:27.718562-05,2026-07-17 19:22:27.718562-05,generator_script,
73,1750000073,Carla Rivas Silva,carla.rivas73@gmail.com,+593908001679,"Calle Venezuela N32-27, Guayaquil",t,2026-07-17 19:22:27.718562-05,2026-07-17 19:22:27.718562-05,generator_script,
74,1750000074,Mario Solis Espinosa,mario.solis74@gmail.com,+593908001702,"Av. 10 de Agosto N36-36, Ambato",t,2026-07-17 19:22:27.718562-05,2026-07-17 19:22:27.718562-05,generator_script,
75,1750000075,Veronica Gomez Gomez,veronica.gomez75@gmail.com,+593908001725,"Calle Flores N40-45, Quito",t,2026-07-17 19:22:27.718562-05,2026-07-17 19:22:27.718562-05,generator_script,
76,1750000076,Manuel Rodriguez Torres,manuel.rodriguez76@gmail.com,+593908001748,"Av. Republica N44-54, Cuenca",t,2026-07-17 19:22:27.718562-05,2026-07-17 19:22:27.718562-05,generator_script,
77,1750000077,Estefania Ramirez Viteri,estefania.ramirez77@gmail.com,+593908001771,"Calle Bolivar N48-63, Manta",t,2026-07-17 19:22:27.718562-05,2026-07-17 19:22:27.718562-05,generator_script,
78,1750000078,Alejandro Diaz Vega,alejandro.diaz78@gmail.com,+593908001794,"Av. Eloy Alfaro N52-72, Guayaquil",t,2026-07-17 19:22:27.718562-05,2026-07-17 19:22:27.718562-05,generator_script,
79,1750000079,Adriana Alvear Rodriguez,adriana.alvear79@gmail.com,+593908001817,"Calle Esmeraldas N56-81, Ambato",t,2026-07-17 19:22:27.718562-05,2026-07-17 19:22:27.718562-05,generator_script,
80,1750000080,Juan Cardenas Castro,juan.cardenas80@gmail.com,+593908001840,"Av. Amazonas N60-10, Quito",t,2026-07-17 19:22:27.718562-05,2026-07-17 19:22:27.718562-05,generator_script,
81,1750000081,Ana Espinosa Morales,ana.espinosa81@gmail.com,+593908001863,"Calle Guayaquil N64-19, Cuenca",t,2026-07-17 19:22:27.718562-05,2026-07-17 19:22:27.718562-05,generator_script,
82,1750000082,Luis Vega Paredes,luis.vega82@gmail.com,+593908001886,"Av. De los Shyris N68-28, Manta",t,2026-07-17 19:22:27.718562-05,2026-07-17 19:22:27.718562-05,generator_script,
83,1750000083,Gabriela Paredes Ramirez,gabriela.paredes83@gmail.com,+593908001909,"Calle Venezuela N72-37, Guayaquil",t,2026-07-17 19:22:27.718562-05,2026-07-17 19:22:27.718562-05,generator_script,
84,1750000084,Jorge Martinez Ortiz,jorge.martinez84@gmail.com,+593908001932,"Av. 10 de Agosto N76-46, Ambato",t,2026-07-17 19:22:27.718562-05,2026-07-17 19:22:27.718562-05,generator_script,
85,1750000085,Silvia Sanchez Delgado,silvia.sanchez85@gmail.com,+593908001955,"Calle Flores N80-55, Quito",t,2026-07-17 19:22:27.718562-05,2026-07-17 19:22:27.718562-05,generator_script,
86,1750000086,Jose Flores Martinez,jose.flores86@gmail.com,+593908001978,"Av. Republica N84-64, Cuenca",t,2026-07-17 19:22:27.718562-05,2026-07-17 19:22:27.718562-05,generator_script,
87,1750000087,Camila Silva Diaz,camila.silva87@gmail.com,+593908002001,"Calle Bolivar N88-73, Manta",t,2026-07-17 19:22:27.718562-05,2026-07-17 19:22:27.718562-05,generator_script,
88,1750000088,David Viteri Cabrera,david.viteri88@gmail.com,+593908002024,"Av. Eloy Alfaro N92-82, Guayaquil",t,2026-07-17 19:22:27.718562-05,2026-07-17 19:22:27.718562-05,generator_script,
89,1750000089,Valeria Morales Mora,valeria.morales89@gmail.com,+593908002047,"Calle Esmeraldas N96-11, Ambato",t,2026-07-17 19:22:27.718562-05,2026-07-17 19:22:27.718562-05,generator_script,
90,1750000090,Diego Delgado Sanchez,diego.delgado90@gmail.com,+593908002070,"Av. Amazonas N10-20, Quito",t,2026-07-17 19:22:27.718562-05,2026-07-17 19:22:27.718562-05,generator_script,
91,1750000091,Andrea Mora Alvear,andrea.mora91@gmail.com,+593908002093,"Calle Guayaquil N14-29, Cuenca",t,2026-07-17 19:22:27.718562-05,2026-07-17 19:22:27.718562-05,generator_script,
92,1750000092,Daniel Lopez Rivas,daniel.lopez92@gmail.com,+593908002116,"Av. De los Shyris N18-38, Manta",t,2026-07-17 19:22:27.718562-05,2026-07-17 19:22:27.718562-05,generator_script,
93,1750000093,Carla Perez Lopez,carla.perez93@gmail.com,+593908002139,"Calle Venezuela N22-47, Guayaquil",t,2026-07-17 19:22:27.718562-05,2026-07-17 19:22:27.718562-05,generator_script,
94,1750000094,Mario Torres Flores,mario.torres94@gmail.com,+593908002162,"Av. 10 de Agosto N26-56, Ambato",t,2026-07-17 19:22:27.718562-05,2026-07-17 19:22:27.718562-05,generator_script,
95,1750000095,Veronica Castro Cardenas,veronica.castro95@gmail.com,+593908002185,"Calle Flores N30-65, Quito",t,2026-07-17 19:22:27.718562-05,2026-07-17 19:22:27.718562-05,generator_script,
96,1750000096,Manuel Ortiz Solis,manuel.ortiz96@gmail.com,+593908002208,"Av. Republica N34-74, Cuenca",t,2026-07-17 19:22:27.718562-05,2026-07-17 19:22:27.718562-05,generator_script,
97,1750000097,Estefania Cabrera Perez,estefania.cabrera97@gmail.com,+593908002231,"Calle Bolivar N38-83, Manta",t,2026-07-17 19:22:27.718562-05,2026-07-17 19:22:27.718562-05,generator_script,
98,1750000098,Alejandro Rivas Silva,alejandro.rivas98@gmail.com,+593908002254,"Av. Eloy Alfaro N42-12, Guayaquil",t,2026-07-17 19:22:27.718562-05,2026-07-17 19:22:27.718562-05,generator_script,
99,1750000099,Adriana Solis Espinosa,adriana.solis99@gmail.com,+593908002277,"Calle Esmeraldas N46-21, Ambato",t,2026-07-17 19:22:27.718562-05,2026-07-17 19:22:27.718562-05,generator_script,
100,1750000100,Juan Gomez Gomez,juan.gomez100@gmail.com,+593908002300,"Av. Amazonas N50-30, Quito",t,2026-07-17 19:22:27.718562-05,2026-07-17 19:22:27.718562-05,generator_script,
101,1750000101,Ana Rodriguez Torres,ana.rodriguez101@gmail.com,+593908002323,"Calle Guayaquil N54-39, Cuenca",t,2026-07-17 19:22:27.718562-05,2026-07-17 19:22:27.718562-05,generator_script,
102,1750000102,Luis Ramirez Viteri,luis.ramirez102@gmail.com,+593908002346,"Av. De los Shyris N58-48, Manta",t,2026-07-17 19:22:27.718562-05,2026-07-17 19:22:27.718562-05,generator_script,
103,1750000103,Gabriela Diaz Vega,gabriela.diaz103@gmail.com,+593908002369,"Calle Venezuela N62-57, Guayaquil",t,2026-07-17 19:22:27.718562-05,2026-07-17 19:22:27.718562-05,generator_script,
104,1750000104,Jorge Alvear Rodriguez,jorge.alvear104@gmail.com,+593908002392,"Av. 10 de Agosto N66-66, Ambato",t,2026-07-17 19:22:27.718562-05,2026-07-17 19:22:27.718562-05,generator_script,
105,1750000105,Silvia Cardenas Castro,silvia.cardenas105@gmail.com,+593908002415,"Calle Flores N70-75, Quito",t,2026-07-17 19:22:27.718562-05,2026-07-17 19:22:27.718562-05,generator_script,
106,1750000106,Jose Espinosa Morales,jose.espinosa106@gmail.com,+593908002438,"Av. Republica N74-84, Cuenca",t,2026-07-17 19:22:27.718562-05,2026-07-17 19:22:27.718562-05,generator_script,
107,1750000107,Camila Vega Paredes,camila.vega107@gmail.com,+593908002461,"Calle Bolivar N78-13, Manta",t,2026-07-17 19:22:27.718562-05,2026-07-17 19:22:27.718562-05,generator_script,
108,1750000108,David Paredes Ramirez,david.paredes108@gmail.com,+593908002484,"Av. Eloy Alfaro N82-22, Guayaquil",t,2026-07-17 19:22:27.718562-05,2026-07-17 19:22:27.718562-05,generator_script,
109,1750000109,Valeria Martinez Ortiz,valeria.martinez109@gmail.com,+593908002507,"Calle Esmeraldas N86-31, Ambato",t,2026-07-17 19:22:27.718562-05,2026-07-17 19:22:27.718562-05,generator_script,
110,1750000110,Diego Sanchez Delgado,diego.sanchez110@gmail.com,+593908002530,"Av. Amazonas N90-40, Quito",t,2026-07-17 19:22:27.718562-05,2026-07-17 19:22:27.718562-05,generator_script,
111,1750000111,Andrea Flores Martinez,andrea.flores111@gmail.com,+593908002553,"Calle Guayaquil N94-49, Cuenca",t,2026-07-17 19:22:27.718562-05,2026-07-17 19:22:27.718562-05,generator_script,
112,1750000112,Daniel Silva Diaz,daniel.silva112@gmail.com,+593908002576,"Av. De los Shyris N98-58, Manta",t,2026-07-17 19:22:27.718562-05,2026-07-17 19:22:27.718562-05,generator_script,
113,1750000113,Carla Viteri Cabrera,carla.viteri113@gmail.com,+593908002599,"Calle Venezuela N12-67, Guayaquil",t,2026-07-17 19:22:27.718562-05,2026-07-17 19:22:27.718562-05,generator_script,
114,1750000114,Mario Morales Mora,mario.morales114@gmail.com,+593908002622,"Av. 10 de Agosto N16-76, Ambato",t,2026-07-17 19:22:27.718562-05,2026-07-17 19:22:27.718562-05,generator_script,
115,1750000115,Veronica Delgado Sanchez,veronica.delgado115@gmail.com,+593908002645,"Calle Flores N20-85, Quito",t,2026-07-17 19:22:27.718562-05,2026-07-17 19:22:27.718562-05,generator_script,
116,1750000116,Manuel Mora Alvear,manuel.mora116@gmail.com,+593908002668,"Av. Republica N24-14, Cuenca",t,2026-07-17 19:22:27.718562-05,2026-07-17 19:22:27.718562-05,generator_script,
117,1750000117,Estefania Lopez Rivas,estefania.lopez117@gmail.com,+593908002691,"Calle Bolivar N28-23, Manta",t,2026-07-17 19:22:27.718562-05,2026-07-17 19:22:27.718562-05,generator_script,
118,1750000118,Alejandro Perez Lopez,alejandro.perez118@gmail.com,+593908002714,"Av. Eloy Alfaro N32-32, Guayaquil",t,2026-07-17 19:22:27.718562-05,2026-07-17 19:22:27.718562-05,generator_script,
119,1750000119,Adriana Torres Flores,adriana.torres119@gmail.com,+593908002737,"Calle Esmeraldas N36-41, Ambato",t,2026-07-17 19:22:27.718562-05,2026-07-17 19:22:27.718562-05,generator_script,
120,1750000120,Juan Castro Cardenas,juan.castro120@gmail.com,+593908002760,"Av. Amazonas N40-50, Quito",t,2026-07-17 19:22:27.718562-05,2026-07-17 19:22:27.718562-05,generator_script,
121,1750000121,Ana Ortiz Solis,ana.ortiz121@gmail.com,+593908002783,"Calle Guayaquil N44-59, Cuenca",t,2026-07-17 19:22:27.718562-05,2026-07-17 19:22:27.718562-05,generator_script,
122,1750000122,Luis Cabrera Perez,luis.cabrera122@gmail.com,+593908002806,"Av. De los Shyris N48-68, Manta",t,2026-07-17 19:22:27.718562-05,2026-07-17 19:22:27.718562-05,generator_script,
123,1750000123,Gabriela Rivas Silva,gabriela.rivas123@gmail.com,+593908002829,"Calle Venezuela N52-77, Guayaquil",t,2026-07-17 19:22:27.718562-05,2026-07-17 19:22:27.718562-05,generator_script,
124,1750000124,Jorge Solis Espinosa,jorge.solis124@gmail.com,+593908002852,"Av. 10 de Agosto N56-86, Ambato",t,2026-07-17 19:22:27.718562-05,2026-07-17 19:22:27.718562-05,generator_script,
125,1750000125,Silvia Gomez Gomez,silvia.gomez125@gmail.com,+593908002875,"Calle Flores N60-15, Quito",t,2026-07-17 19:22:27.718562-05,2026-07-17 19:22:27.718562-05,generator_script,
126,1750000126,Jose Rodriguez Torres,jose.rodriguez126@gmail.com,+593908002898,"Av. Republica N64-24, Cuenca",t,2026-07-17 19:22:27.718562-05,2026-07-17 19:22:27.718562-05,generator_script,
127,1750000127,Camila Ramirez Viteri,camila.ramirez127@gmail.com,+593908002921,"Calle Bolivar N68-33, Manta",t,2026-07-17 19:22:27.718562-05,2026-07-17 19:22:27.718562-05,generator_script,
128,1750000128,David Diaz Vega,david.diaz128@gmail.com,+593908002944,"Av. Eloy Alfaro N72-42, Guayaquil",t,2026-07-17 19:22:27.718562-05,2026-07-17 19:22:27.718562-05,generator_script,
129,1750000129,Valeria Alvear Rodriguez,valeria.alvear129@gmail.com,+593908002967,"Calle Esmeraldas N76-51, Ambato",t,2026-07-17 19:22:27.718562-05,2026-07-17 19:22:27.718562-05,generator_script,
130,1750000130,Diego Cardenas Castro,diego.cardenas130@gmail.com,+593908002990,"Av. Amazonas N80-60, Quito",t,2026-07-17 19:22:27.718562-05,2026-07-17 19:22:27.718562-05,generator_script,
131,1750000131,Andrea Espinosa Morales,andrea.espinosa131@gmail.com,+593908003013,"Calle Guayaquil N84-69, Cuenca",t,2026-07-17 19:22:27.718562-05,2026-07-17 19:22:27.718562-05,generator_script,
132,1750000132,Daniel Vega Paredes,daniel.vega132@gmail.com,+593908003036,"Av. De los Shyris N88-78, Manta",t,2026-07-17 19:22:27.718562-05,2026-07-17 19:22:27.718562-05,generator_script,
133,1750000133,Carla Paredes Ramirez,carla.paredes133@gmail.com,+593908003059,"Calle Venezuela N92-87, Guayaquil",t,2026-07-17 19:22:27.718562-05,2026-07-17 19:22:27.718562-05,generator_script,
134,1750000134,Mario Martinez Ortiz,mario.martinez134@gmail.com,+593908003082,"Av. 10 de Agosto N96-16, Ambato",t,2026-07-17 19:22:27.718562-05,2026-07-17 19:22:27.718562-05,generator_script,
135,1750000135,Veronica Sanchez Delgado,veronica.sanchez135@gmail.com,+593908003105,"Calle Flores N10-25, Quito",t,2026-07-17 19:22:27.718562-05,2026-07-17 19:22:27.718562-05,generator_script,
136,1750000136,Manuel Flores Martinez,manuel.flores136@gmail.com,+593908003128,"Av. Republica N14-34, Cuenca",t,2026-07-17 19:22:27.718562-05,2026-07-17 19:22:27.718562-05,generator_script,
137,1750000137,Estefania Silva Diaz,estefania.silva137@gmail.com,+593908003151,"Calle Bolivar N18-43, Manta",t,2026-07-17 19:22:27.718562-05,2026-07-17 19:22:27.718562-05,generator_script,
138,1750000138,Alejandro Viteri Cabrera,alejandro.viteri138@gmail.com,+593908003174,"Av. Eloy Alfaro N22-52, Guayaquil",t,2026-07-17 19:22:27.718562-05,2026-07-17 19:22:27.718562-05,generator_script,
139,1750000139,Adriana Morales Mora,adriana.morales139@gmail.com,+593908003197,"Calle Esmeraldas N26-61, Ambato",t,2026-07-17 19:22:27.718562-05,2026-07-17 19:22:27.718562-05,generator_script,
140,1750000140,Juan Delgado Sanchez,juan.delgado140@gmail.com,+593908003220,"Av. Amazonas N30-70, Quito",t,2026-07-17 19:22:27.718562-05,2026-07-17 19:22:27.718562-05,generator_script,
141,1750000141,Ana Mora Alvear,ana.mora141@gmail.com,+593908003243,"Calle Guayaquil N34-79, Cuenca",t,2026-07-17 19:22:27.718562-05,2026-07-17 19:22:27.718562-05,generator_script,
142,1750000142,Luis Lopez Rivas,luis.lopez142@gmail.com,+593908003266,"Av. De los Shyris N38-88, Manta",t,2026-07-17 19:22:27.718562-05,2026-07-17 19:22:27.718562-05,generator_script,
143,1750000143,Gabriela Perez Lopez,gabriela.perez143@gmail.com,+593908003289,"Calle Venezuela N42-17, Guayaquil",t,2026-07-17 19:22:27.718562-05,2026-07-17 19:22:27.718562-05,generator_script,
144,1750000144,Jorge Torres Flores,jorge.torres144@gmail.com,+593908003312,"Av. 10 de Agosto N46-26, Ambato",t,2026-07-17 19:22:27.718562-05,2026-07-17 19:22:27.718562-05,generator_script,
145,1750000145,Silvia Castro Cardenas,silvia.castro145@gmail.com,+593908003335,"Calle Flores N50-35, Quito",t,2026-07-17 19:22:27.718562-05,2026-07-17 19:22:27.718562-05,generator_script,
146,1750000146,Jose Ortiz Solis,jose.ortiz146@gmail.com,+593908003358,"Av. Republica N54-44, Cuenca",t,2026-07-17 19:22:27.718562-05,2026-07-17 19:22:27.718562-05,generator_script,
147,1750000147,Camila Cabrera Perez,camila.cabrera147@gmail.com,+593908003381,"Calle Bolivar N58-53, Manta",t,2026-07-17 19:22:27.718562-05,2026-07-17 19:22:27.718562-05,generator_script,
148,1750000148,David Rivas Silva,david.rivas148@gmail.com,+593908003404,"Av. Eloy Alfaro N62-62, Guayaquil",t,2026-07-17 19:22:27.718562-05,2026-07-17 19:22:27.718562-05,generator_script,
149,1750000149,Valeria Solis Espinosa,valeria.solis149@gmail.com,+593908003427,"Calle Esmeraldas N66-71, Ambato",t,2026-07-17 19:22:27.718562-05,2026-07-17 19:22:27.718562-05,generator_script,
150,1750000150,Diego Gomez Gomez,diego.gomez150@gmail.com,+593908003450,"Av. Amazonas N70-80, Quito",t,2026-07-17 19:22:27.718562-05,2026-07-17 19:22:27.718562-05,generator_script,
151,1750000151,Andrea Rodriguez Torres,andrea.rodriguez151@gmail.com,+593908003473,"Calle Guayaquil N74-89, Cuenca",t,2026-07-17 19:22:27.718562-05,2026-07-17 19:22:27.718562-05,generator_script,
152,1750000152,Daniel Ramirez Viteri,daniel.ramirez152@gmail.com,+593908003496,"Av. De los Shyris N78-18, Manta",t,2026-07-17 19:22:27.718562-05,2026-07-17 19:22:27.718562-05,generator_script,
153,1750000153,Carla Diaz Vega,carla.diaz153@gmail.com,+593908003519,"Calle Venezuela N82-27, Guayaquil",t,2026-07-17 19:22:27.718562-05,2026-07-17 19:22:27.718562-05,generator_script,
154,1750000154,Mario Alvear Rodriguez,mario.alvear154@gmail.com,+593908003542,"Av. 10 de Agosto N86-36, Ambato",t,2026-07-17 19:22:27.718562-05,2026-07-17 19:22:27.718562-05,generator_script,
155,1750000155,Veronica Cardenas Castro,veronica.cardenas155@gmail.com,+593908003565,"Calle Flores N90-45, Quito",t,2026-07-17 19:22:27.718562-05,2026-07-17 19:22:27.718562-05,generator_script,
156,1750000156,Manuel Espinosa Morales,manuel.espinosa156@gmail.com,+593908003588,"Av. Republica N94-54, Cuenca",t,2026-07-17 19:22:27.718562-05,2026-07-17 19:22:27.718562-05,generator_script,
157,1750000157,Estefania Vega Paredes,estefania.vega157@gmail.com,+593908003611,"Calle Bolivar N98-63, Manta",t,2026-07-17 19:22:27.718562-05,2026-07-17 19:22:27.718562-05,generator_script,
158,1750000158,Alejandro Paredes Ramirez,alejandro.paredes158@gmail.com,+593908003634,"Av. Eloy Alfaro N12-72, Guayaquil",t,2026-07-17 19:22:27.718562-05,2026-07-17 19:22:27.718562-05,generator_script,
159,1750000159,Adriana Martinez Ortiz,adriana.martinez159@gmail.com,+593908003657,"Calle Esmeraldas N16-81, Ambato",t,2026-07-17 19:22:27.718562-05,2026-07-17 19:22:27.718562-05,generator_script,
160,1750000160,Juan Sanchez Delgado,juan.sanchez160@gmail.com,+593908003680,"Av. Amazonas N20-10, Quito",t,2026-07-17 19:22:27.718562-05,2026-07-17 19:22:27.718562-05,generator_script,
161,1750000161,Ana Flores Martinez,ana.flores161@gmail.com,+593908003703,"Calle Guayaquil N24-19, Cuenca",t,2026-07-17 19:22:27.718562-05,2026-07-17 19:22:27.718562-05,generator_script,
162,1750000162,Luis Silva Diaz,luis.silva162@gmail.com,+593908003726,"Av. De los Shyris N28-28, Manta",t,2026-07-17 19:22:27.718562-05,2026-07-17 19:22:27.718562-05,generator_script,
163,1750000163,Gabriela Viteri Cabrera,gabriela.viteri163@gmail.com,+593908003749,"Calle Venezuela N32-37, Guayaquil",t,2026-07-17 19:22:27.718562-05,2026-07-17 19:22:27.718562-05,generator_script,
164,1750000164,Jorge Morales Mora,jorge.morales164@gmail.com,+593908003772,"Av. 10 de Agosto N36-46, Ambato",t,2026-07-17 19:22:27.718562-05,2026-07-17 19:22:27.718562-05,generator_script,
165,1750000165,Silvia Delgado Sanchez,silvia.delgado165@gmail.com,+593908003795,"Calle Flores N40-55, Quito",t,2026-07-17 19:22:27.718562-05,2026-07-17 19:22:27.718562-05,generator_script,
166,1750000166,Jose Mora Alvear,jose.mora166@gmail.com,+593908003818,"Av. Republica N44-64, Cuenca",t,2026-07-17 19:22:27.718562-05,2026-07-17 19:22:27.718562-05,generator_script,
167,1750000167,Camila Lopez Rivas,camila.lopez167@gmail.com,+593908003841,"Calle Bolivar N48-73, Manta",t,2026-07-17 19:22:27.718562-05,2026-07-17 19:22:27.718562-05,generator_script,
168,1750000168,David Perez Lopez,david.perez168@gmail.com,+593908003864,"Av. Eloy Alfaro N52-82, Guayaquil",t,2026-07-17 19:22:27.718562-05,2026-07-17 19:22:27.718562-05,generator_script,
169,1750000169,Valeria Torres Flores,valeria.torres169@gmail.com,+593908003887,"Calle Esmeraldas N56-11, Ambato",t,2026-07-17 19:22:27.718562-05,2026-07-17 19:22:27.718562-05,generator_script,
170,1750000170,Diego Castro Cardenas,diego.castro170@gmail.com,+593908003910,"Av. Amazonas N60-20, Quito",t,2026-07-17 19:22:27.718562-05,2026-07-17 19:22:27.718562-05,generator_script,
171,1750000171,Andrea Ortiz Solis,andrea.ortiz171@gmail.com,+593908003933,"Calle Guayaquil N64-29, Cuenca",t,2026-07-17 19:22:27.718562-05,2026-07-17 19:22:27.718562-05,generator_script,
172,1750000172,Daniel Cabrera Perez,daniel.cabrera172@gmail.com,+593908003956,"Av. De los Shyris N68-38, Manta",t,2026-07-17 19:22:27.718562-05,2026-07-17 19:22:27.718562-05,generator_script,
173,1750000173,Carla Rivas Silva,carla.rivas173@gmail.com,+593908003979,"Calle Venezuela N72-47, Guayaquil",t,2026-07-17 19:22:27.718562-05,2026-07-17 19:22:27.718562-05,generator_script,
174,1750000174,Mario Solis Espinosa,mario.solis174@gmail.com,+593908004002,"Av. 10 de Agosto N76-56, Ambato",t,2026-07-17 19:22:27.718562-05,2026-07-17 19:22:27.718562-05,generator_script,
175,1750000175,Veronica Gomez Gomez,veronica.gomez175@gmail.com,+593908004025,"Calle Flores N80-65, Quito",t,2026-07-17 19:22:27.718562-05,2026-07-17 19:22:27.718562-05,generator_script,
176,1750000176,Manuel Rodriguez Torres,manuel.rodriguez176@gmail.com,+593908004048,"Av. Republica N84-74, Cuenca",t,2026-07-17 19:22:27.718562-05,2026-07-17 19:22:27.718562-05,generator_script,
177,1750000177,Estefania Ramirez Viteri,estefania.ramirez177@gmail.com,+593908004071,"Calle Bolivar N88-83, Manta",t,2026-07-17 19:22:27.718562-05,2026-07-17 19:22:27.718562-05,generator_script,
178,1750000178,Alejandro Diaz Vega,alejandro.diaz178@gmail.com,+593908004094,"Av. Eloy Alfaro N92-12, Guayaquil",t,2026-07-17 19:22:27.718562-05,2026-07-17 19:22:27.718562-05,generator_script,
179,1750000179,Adriana Alvear Rodriguez,adriana.alvear179@gmail.com,+593908004117,"Calle Esmeraldas N96-21, Ambato",t,2026-07-17 19:22:27.718562-05,2026-07-17 19:22:27.718562-05,generator_script,
180,1750000180,Juan Cardenas Castro,juan.cardenas180@gmail.com,+593908004140,"Av. Amazonas N10-30, Quito",t,2026-07-17 19:22:27.718562-05,2026-07-17 19:22:27.718562-05,generator_script,
181,1750000181,Ana Espinosa Morales,ana.espinosa181@gmail.com,+593908004163,"Calle Guayaquil N14-39, Cuenca",t,2026-07-17 19:22:27.718562-05,2026-07-17 19:22:27.718562-05,generator_script,
182,1750000182,Luis Vega Paredes,luis.vega182@gmail.com,+593908004186,"Av. De los Shyris N18-48, Manta",t,2026-07-17 19:22:27.718562-05,2026-07-17 19:22:27.718562-05,generator_script,
183,1750000183,Gabriela Paredes Ramirez,gabriela.paredes183@gmail.com,+593908004209,"Calle Venezuela N22-57, Guayaquil",t,2026-07-17 19:22:27.718562-05,2026-07-17 19:22:27.718562-05,generator_script,
184,1750000184,Jorge Martinez Ortiz,jorge.martinez184@gmail.com,+593908004232,"Av. 10 de Agosto N26-66, Ambato",t,2026-07-17 19:22:27.718562-05,2026-07-17 19:22:27.718562-05,generator_script,
185,1750000185,Silvia Sanchez Delgado,silvia.sanchez185@gmail.com,+593908004255,"Calle Flores N30-75, Quito",t,2026-07-17 19:22:27.718562-05,2026-07-17 19:22:27.718562-05,generator_script,
186,1750000186,Jose Flores Martinez,jose.flores186@gmail.com,+593908004278,"Av. Republica N34-84, Cuenca",t,2026-07-17 19:22:27.718562-05,2026-07-17 19:22:27.718562-05,generator_script,
187,1750000187,Camila Silva Diaz,camila.silva187@gmail.com,+593908004301,"Calle Bolivar N38-13, Manta",t,2026-07-17 19:22:27.718562-05,2026-07-17 19:22:27.718562-05,generator_script,
188,1750000188,David Viteri Cabrera,david.viteri188@gmail.com,+593908004324,"Av. Eloy Alfaro N42-22, Guayaquil",t,2026-07-17 19:22:27.718562-05,2026-07-17 19:22:27.718562-05,generator_script,
189,1750000189,Valeria Morales Mora,valeria.morales189@gmail.com,+593908004347,"Calle Esmeraldas N46-31, Ambato",t,2026-07-17 19:22:27.718562-05,2026-07-17 19:22:27.718562-05,generator_script,
190,1750000190,Diego Delgado Sanchez,diego.delgado190@gmail.com,+593908004370,"Av. Amazonas N50-40, Quito",t,2026-07-17 19:22:27.718562-05,2026-07-17 19:22:27.718562-05,generator_script,
191,1750000191,Andrea Mora Alvear,andrea.mora191@gmail.com,+593908004393,"Calle Guayaquil N54-49, Cuenca",t,2026-07-17 19:22:27.718562-05,2026-07-17 19:22:27.718562-05,generator_script,
192,1750000192,Daniel Lopez Rivas,daniel.lopez192@gmail.com,+593908004416,"Av. De los Shyris N58-58, Manta",t,2026-07-17 19:22:27.718562-05,2026-07-17 19:22:27.718562-05,generator_script,
193,1750000193,Carla Perez Lopez,carla.perez193@gmail.com,+593908004439,"Calle Venezuela N62-67, Guayaquil",t,2026-07-17 19:22:27.718562-05,2026-07-17 19:22:27.718562-05,generator_script,
194,1750000194,Mario Torres Flores,mario.torres194@gmail.com,+593908004462,"Av. 10 de Agosto N66-76, Ambato",t,2026-07-17 19:22:27.718562-05,2026-07-17 19:22:27.718562-05,generator_script,
195,1750000195,Veronica Castro Cardenas,veronica.castro195@gmail.com,+593908004485,"Calle Flores N70-85, Quito",t,2026-07-17 19:22:27.718562-05,2026-07-17 19:22:27.718562-05,generator_script,
196,1750000196,Manuel Ortiz Solis,manuel.ortiz196@gmail.com,+593908004508,"Av. Republica N74-14, Cuenca",t,2026-07-17 19:22:27.718562-05,2026-07-17 19:22:27.718562-05,generator_script,
197,1750000197,Estefania Cabrera Perez,estefania.cabrera197@gmail.com,+593908004531,"Calle Bolivar N78-23, Manta",t,2026-07-17 19:22:27.718562-05,2026-07-17 19:22:27.718562-05,generator_script,
198,1750000198,Alejandro Rivas Silva,alejandro.rivas198@gmail.com,+593908004554,"Av. Eloy Alfaro N82-32, Guayaquil",t,2026-07-17 19:22:27.718562-05,2026-07-17 19:22:27.718562-05,generator_script,
199,1750000199,Adriana Solis Espinosa,adriana.solis199@gmail.com,+593908004577,"Calle Esmeraldas N86-41, Ambato",t,2026-07-17 19:22:27.718562-05,2026-07-17 19:22:27.718562-05,generator_script,
200,1750000200,Juan Gomez Gomez,juan.gomez200@gmail.com,+593908004600,"Av. Amazonas N90-50, Quito",t,2026-07-17 19:22:27.718562-05,2026-07-17 19:22:27.718562-05,generator_script,
201,1750000201,Ana Rodriguez Torres,ana.rodriguez201@gmail.com,+593908004623,"Calle Guayaquil N94-59, Cuenca",t,2026-07-17 19:22:27.718562-05,2026-07-17 19:22:27.718562-05,generator_script,
202,1750000202,Luis Ramirez Viteri,luis.ramirez202@gmail.com,+593908004646,"Av. De los Shyris N98-68, Manta",t,2026-07-17 19:22:27.718562-05,2026-07-17 19:22:27.718562-05,generator_script,
203,1750000203,Gabriela Diaz Vega,gabriela.diaz203@gmail.com,+593908004669,"Calle Venezuela N12-77, Guayaquil",t,2026-07-17 19:22:27.718562-05,2026-07-17 19:22:27.718562-05,generator_script,
204,1750000204,Jorge Alvear Rodriguez,jorge.alvear204@gmail.com,+593908004692,"Av. 10 de Agosto N16-86, Ambato",t,2026-07-17 19:22:27.718562-05,2026-07-17 19:22:27.718562-05,generator_script,
205,1750000205,Silvia Cardenas Castro,silvia.cardenas205@gmail.com,+593908004715,"Calle Flores N20-15, Quito",t,2026-07-17 19:22:27.718562-05,2026-07-17 19:22:27.718562-05,generator_script,
206,1750000206,Jose Espinosa Morales,jose.espinosa206@gmail.com,+593908004738,"Av. Republica N24-24, Cuenca",t,2026-07-17 19:22:27.718562-05,2026-07-17 19:22:27.718562-05,generator_script,
207,1750000207,Camila Vega Paredes,camila.vega207@gmail.com,+593908004761,"Calle Bolivar N28-33, Manta",t,2026-07-17 19:22:27.718562-05,2026-07-17 19:22:27.718562-05,generator_script,
208,1750000208,David Paredes Ramirez,david.paredes208@gmail.com,+593908004784,"Av. Eloy Alfaro N32-42, Guayaquil",t,2026-07-17 19:22:27.718562-05,2026-07-17 19:22:27.718562-05,generator_script,
209,1750000209,Valeria Martinez Ortiz,valeria.martinez209@gmail.com,+593908004807,"Calle Esmeraldas N36-51, Ambato",t,2026-07-17 19:22:27.718562-05,2026-07-17 19:22:27.718562-05,generator_script,
210,1750000210,Diego Sanchez Delgado,diego.sanchez210@gmail.com,+593908004830,"Av. Amazonas N40-60, Quito",t,2026-07-17 19:22:27.718562-05,2026-07-17 19:22:27.718562-05,generator_script,
211,1750000211,Andrea Flores Martinez,andrea.flores211@gmail.com,+593908004853,"Calle Guayaquil N44-69, Cuenca",t,2026-07-17 19:22:27.718562-05,2026-07-17 19:22:27.718562-05,generator_script,
212,1750000212,Daniel Silva Diaz,daniel.silva212@gmail.com,+593908004876,"Av. De los Shyris N48-78, Manta",t,2026-07-17 19:22:27.718562-05,2026-07-17 19:22:27.718562-05,generator_script,
213,1750000213,Carla Viteri Cabrera,carla.viteri213@gmail.com,+593908004899,"Calle Venezuela N52-87, Guayaquil",t,2026-07-17 19:22:27.718562-05,2026-07-17 19:22:27.718562-05,generator_script,
214,1750000214,Mario Morales Mora,mario.morales214@gmail.com,+593908004922,"Av. 10 de Agosto N56-16, Ambato",t,2026-07-17 19:22:27.718562-05,2026-07-17 19:22:27.718562-05,generator_script,
215,1750000215,Veronica Delgado Sanchez,veronica.delgado215@gmail.com,+593908004945,"Calle Flores N60-25, Quito",t,2026-07-17 19:22:27.718562-05,2026-07-17 19:22:27.718562-05,generator_script,
216,1750000216,Manuel Mora Alvear,manuel.mora216@gmail.com,+593908004968,"Av. Republica N64-34, Cuenca",t,2026-07-17 19:22:27.718562-05,2026-07-17 19:22:27.718562-05,generator_script,
217,1750000217,Estefania Lopez Rivas,estefania.lopez217@gmail.com,+593908004991,"Calle Bolivar N68-43, Manta",t,2026-07-17 19:22:27.718562-05,2026-07-17 19:22:27.718562-05,generator_script,
218,1750000218,Alejandro Perez Lopez,alejandro.perez218@gmail.com,+593908005014,"Av. Eloy Alfaro N72-52, Guayaquil",t,2026-07-17 19:22:27.718562-05,2026-07-17 19:22:27.718562-05,generator_script,
219,1750000219,Adriana Torres Flores,adriana.torres219@gmail.com,+593908005037,"Calle Esmeraldas N76-61, Ambato",t,2026-07-17 19:22:27.718562-05,2026-07-17 19:22:27.718562-05,generator_script,
220,1750000220,Juan Castro Cardenas,juan.castro220@gmail.com,+593908005060,"Av. Amazonas N80-70, Quito",t,2026-07-17 19:22:27.718562-05,2026-07-17 19:22:27.718562-05,generator_script,
221,1750000221,Ana Ortiz Solis,ana.ortiz221@gmail.com,+593908005083,"Calle Guayaquil N84-79, Cuenca",t,2026-07-17 19:22:27.718562-05,2026-07-17 19:22:27.718562-05,generator_script,
222,1750000222,Luis Cabrera Perez,luis.cabrera222@gmail.com,+593908005106,"Av. De los Shyris N88-88, Manta",t,2026-07-17 19:22:27.718562-05,2026-07-17 19:22:27.718562-05,generator_script,
223,1750000223,Gabriela Rivas Silva,gabriela.rivas223@gmail.com,+593908005129,"Calle Venezuela N92-17, Guayaquil",t,2026-07-17 19:22:27.718562-05,2026-07-17 19:22:27.718562-05,generator_script,
224,1750000224,Jorge Solis Espinosa,jorge.solis224@gmail.com,+593908005152,"Av. 10 de Agosto N96-26, Ambato",t,2026-07-17 19:22:27.718562-05,2026-07-17 19:22:27.718562-05,generator_script,
225,1750000225,Silvia Gomez Gomez,silvia.gomez225@gmail.com,+593908005175,"Calle Flores N10-35, Quito",t,2026-07-17 19:22:27.718562-05,2026-07-17 19:22:27.718562-05,generator_script,
226,1750000226,Jose Rodriguez Torres,jose.rodriguez226@gmail.com,+593908005198,"Av. Republica N14-44, Cuenca",t,2026-07-17 19:22:27.718562-05,2026-07-17 19:22:27.718562-05,generator_script,
227,1750000227,Camila Ramirez Viteri,camila.ramirez227@gmail.com,+593908005221,"Calle Bolivar N18-53, Manta",t,2026-07-17 19:22:27.718562-05,2026-07-17 19:22:27.718562-05,generator_script,
228,1750000228,David Diaz Vega,david.diaz228@gmail.com,+593908005244,"Av. Eloy Alfaro N22-62, Guayaquil",t,2026-07-17 19:22:27.718562-05,2026-07-17 19:22:27.718562-05,generator_script,
229,1750000229,Valeria Alvear Rodriguez,valeria.alvear229@gmail.com,+593908005267,"Calle Esmeraldas N26-71, Ambato",t,2026-07-17 19:22:27.718562-05,2026-07-17 19:22:27.718562-05,generator_script,
230,1750000230,Diego Cardenas Castro,diego.cardenas230@gmail.com,+593908005290,"Av. Amazonas N30-80, Quito",t,2026-07-17 19:22:27.718562-05,2026-07-17 19:22:27.718562-05,generator_script,
231,1750000231,Andrea Espinosa Morales,andrea.espinosa231@gmail.com,+593908005313,"Calle Guayaquil N34-89, Cuenca",t,2026-07-17 19:22:27.718562-05,2026-07-17 19:22:27.718562-05,generator_script,
232,1750000232,Daniel Vega Paredes,daniel.vega232@gmail.com,+593908005336,"Av. De los Shyris N38-18, Manta",t,2026-07-17 19:22:27.718562-05,2026-07-17 19:22:27.718562-05,generator_script,
233,1750000233,Carla Paredes Ramirez,carla.paredes233@gmail.com,+593908005359,"Calle Venezuela N42-27, Guayaquil",t,2026-07-17 19:22:27.718562-05,2026-07-17 19:22:27.718562-05,generator_script,
234,1750000234,Mario Martinez Ortiz,mario.martinez234@gmail.com,+593908005382,"Av. 10 de Agosto N46-36, Ambato",t,2026-07-17 19:22:27.718562-05,2026-07-17 19:22:27.718562-05,generator_script,
235,1750000235,Veronica Sanchez Delgado,veronica.sanchez235@gmail.com,+593908005405,"Calle Flores N50-45, Quito",t,2026-07-17 19:22:27.718562-05,2026-07-17 19:22:27.718562-05,generator_script,
236,1750000236,Manuel Flores Martinez,manuel.flores236@gmail.com,+593908005428,"Av. Republica N54-54, Cuenca",t,2026-07-17 19:22:27.718562-05,2026-07-17 19:22:27.718562-05,generator_script,
237,1750000237,Estefania Silva Diaz,estefania.silva237@gmail.com,+593908005451,"Calle Bolivar N58-63, Manta",t,2026-07-17 19:22:27.718562-05,2026-07-17 19:22:27.718562-05,generator_script,
238,1750000238,Alejandro Viteri Cabrera,alejandro.viteri238@gmail.com,+593908005474,"Av. Eloy Alfaro N62-72, Guayaquil",t,2026-07-17 19:22:27.718562-05,2026-07-17 19:22:27.718562-05,generator_script,
239,1750000239,Adriana Morales Mora,adriana.morales239@gmail.com,+593908005497,"Calle Esmeraldas N66-81, Ambato",t,2026-07-17 19:22:27.718562-05,2026-07-17 19:22:27.718562-05,generator_script,
240,1750000240,Juan Delgado Sanchez,juan.delgado240@gmail.com,+593908005520,"Av. Amazonas N70-10, Quito",t,2026-07-17 19:22:27.718562-05,2026-07-17 19:22:27.718562-05,generator_script,
241,1750000241,Ana Mora Alvear,ana.mora241@gmail.com,+593908005543,"Calle Guayaquil N74-19, Cuenca",t,2026-07-17 19:22:27.718562-05,2026-07-17 19:22:27.718562-05,generator_script,
242,1750000242,Luis Lopez Rivas,luis.lopez242@gmail.com,+593908005566,"Av. De los Shyris N78-28, Manta",t,2026-07-17 19:22:27.718562-05,2026-07-17 19:22:27.718562-05,generator_script,
243,1750000243,Gabriela Perez Lopez,gabriela.perez243@gmail.com,+593908005589,"Calle Venezuela N82-37, Guayaquil",t,2026-07-17 19:22:27.718562-05,2026-07-17 19:22:27.718562-05,generator_script,
244,1750000244,Jorge Torres Flores,jorge.torres244@gmail.com,+593908005612,"Av. 10 de Agosto N86-46, Ambato",t,2026-07-17 19:22:27.718562-05,2026-07-17 19:22:27.718562-05,generator_script,
245,1750000245,Silvia Castro Cardenas,silvia.castro245@gmail.com,+593908005635,"Calle Flores N90-55, Quito",t,2026-07-17 19:22:27.718562-05,2026-07-17 19:22:27.718562-05,generator_script,
246,1750000246,Jose Ortiz Solis,jose.ortiz246@gmail.com,+593908005658,"Av. Republica N94-64, Cuenca",t,2026-07-17 19:22:27.718562-05,2026-07-17 19:22:27.718562-05,generator_script,
247,1750000247,Camila Cabrera Perez,camila.cabrera247@gmail.com,+593908005681,"Calle Bolivar N98-73, Manta",t,2026-07-17 19:22:27.718562-05,2026-07-17 19:22:27.718562-05,generator_script,
248,1750000248,David Rivas Silva,david.rivas248@gmail.com,+593908005704,"Av. Eloy Alfaro N12-82, Guayaquil",t,2026-07-17 19:22:27.718562-05,2026-07-17 19:22:27.718562-05,generator_script,
249,1750000249,Valeria Solis Espinosa,valeria.solis249@gmail.com,+593908005727,"Calle Esmeraldas N16-11, Ambato",t,2026-07-17 19:22:27.718562-05,2026-07-17 19:22:27.718562-05,generator_script,
250,1750000250,Diego Gomez Gomez,diego.gomez250@gmail.com,+593908005750,"Av. Amazonas N20-20, Quito",t,2026-07-17 19:22:27.718562-05,2026-07-17 19:22:27.718562-05,generator_script,
251,1750000251,Andrea Rodriguez Torres,andrea.rodriguez251@gmail.com,+593908005773,"Calle Guayaquil N24-29, Cuenca",t,2026-07-17 19:22:27.718562-05,2026-07-17 19:22:27.718562-05,generator_script,
252,1750000252,Daniel Ramirez Viteri,daniel.ramirez252@gmail.com,+593908005796,"Av. De los Shyris N28-38, Manta",t,2026-07-17 19:22:27.718562-05,2026-07-17 19:22:27.718562-05,generator_script,
253,1750000253,Carla Diaz Vega,carla.diaz253@gmail.com,+593908005819,"Calle Venezuela N32-47, Guayaquil",t,2026-07-17 19:22:27.718562-05,2026-07-17 19:22:27.718562-05,generator_script,
254,1750000254,Mario Alvear Rodriguez,mario.alvear254@gmail.com,+593908005842,"Av. 10 de Agosto N36-56, Ambato",t,2026-07-17 19:22:27.718562-05,2026-07-17 19:22:27.718562-05,generator_script,
255,1750000255,Veronica Cardenas Castro,veronica.cardenas255@gmail.com,+593908005865,"Calle Flores N40-65, Quito",t,2026-07-17 19:22:27.718562-05,2026-07-17 19:22:27.718562-05,generator_script,
256,1750000256,Manuel Espinosa Morales,manuel.espinosa256@gmail.com,+593908005888,"Av. Republica N44-74, Cuenca",t,2026-07-17 19:22:27.718562-05,2026-07-17 19:22:27.718562-05,generator_script,
257,1750000257,Estefania Vega Paredes,estefania.vega257@gmail.com,+593908005911,"Calle Bolivar N48-83, Manta",t,2026-07-17 19:22:27.718562-05,2026-07-17 19:22:27.718562-05,generator_script,
258,1750000258,Alejandro Paredes Ramirez,alejandro.paredes258@gmail.com,+593908005934,"Av. Eloy Alfaro N52-12, Guayaquil",t,2026-07-17 19:22:27.718562-05,2026-07-17 19:22:27.718562-05,generator_script,
259,1750000259,Adriana Martinez Ortiz,adriana.martinez259@gmail.com,+593908005957,"Calle Esmeraldas N56-21, Ambato",t,2026-07-17 19:22:27.718562-05,2026-07-17 19:22:27.718562-05,generator_script,
260,1750000260,Juan Sanchez Delgado,juan.sanchez260@gmail.com,+593908005980,"Av. Amazonas N60-30, Quito",t,2026-07-17 19:22:27.718562-05,2026-07-17 19:22:27.718562-05,generator_script,
261,1750000261,Ana Flores Martinez,ana.flores261@gmail.com,+593908006003,"Calle Guayaquil N64-39, Cuenca",t,2026-07-17 19:22:27.718562-05,2026-07-17 19:22:27.718562-05,generator_script,
262,1750000262,Luis Silva Diaz,luis.silva262@gmail.com,+593908006026,"Av. De los Shyris N68-48, Manta",t,2026-07-17 19:22:27.718562-05,2026-07-17 19:22:27.718562-05,generator_script,
263,1750000263,Gabriela Viteri Cabrera,gabriela.viteri263@gmail.com,+593908006049,"Calle Venezuela N72-57, Guayaquil",t,2026-07-17 19:22:27.718562-05,2026-07-17 19:22:27.718562-05,generator_script,
264,1750000264,Jorge Morales Mora,jorge.morales264@gmail.com,+593908006072,"Av. 10 de Agosto N76-66, Ambato",t,2026-07-17 19:22:27.718562-05,2026-07-17 19:22:27.718562-05,generator_script,
265,1750000265,Silvia Delgado Sanchez,silvia.delgado265@gmail.com,+593908006095,"Calle Flores N80-75, Quito",t,2026-07-17 19:22:27.718562-05,2026-07-17 19:22:27.718562-05,generator_script,
266,1750000266,Jose Mora Alvear,jose.mora266@gmail.com,+593908006118,"Av. Republica N84-84, Cuenca",t,2026-07-17 19:22:27.718562-05,2026-07-17 19:22:27.718562-05,generator_script,
267,1750000267,Camila Lopez Rivas,camila.lopez267@gmail.com,+593908006141,"Calle Bolivar N88-13, Manta",t,2026-07-17 19:22:27.718562-05,2026-07-17 19:22:27.718562-05,generator_script,
268,1750000268,David Perez Lopez,david.perez268@gmail.com,+593908006164,"Av. Eloy Alfaro N92-22, Guayaquil",t,2026-07-17 19:22:27.718562-05,2026-07-17 19:22:27.718562-05,generator_script,
269,1750000269,Valeria Torres Flores,valeria.torres269@gmail.com,+593908006187,"Calle Esmeraldas N96-31, Ambato",t,2026-07-17 19:22:27.718562-05,2026-07-17 19:22:27.718562-05,generator_script,
270,1750000270,Diego Castro Cardenas,diego.castro270@gmail.com,+593908006210,"Av. Amazonas N10-40, Quito",t,2026-07-17 19:22:27.718562-05,2026-07-17 19:22:27.718562-05,generator_script,
271,1750000271,Andrea Ortiz Solis,andrea.ortiz271@gmail.com,+593908006233,"Calle Guayaquil N14-49, Cuenca",t,2026-07-17 19:22:27.718562-05,2026-07-17 19:22:27.718562-05,generator_script,
272,1750000272,Daniel Cabrera Perez,daniel.cabrera272@gmail.com,+593908006256,"Av. De los Shyris N18-58, Manta",t,2026-07-17 19:22:27.718562-05,2026-07-17 19:22:27.718562-05,generator_script,
273,1750000273,Carla Rivas Silva,carla.rivas273@gmail.com,+593908006279,"Calle Venezuela N22-67, Guayaquil",t,2026-07-17 19:22:27.718562-05,2026-07-17 19:22:27.718562-05,generator_script,
274,1750000274,Mario Solis Espinosa,mario.solis274@gmail.com,+593908006302,"Av. 10 de Agosto N26-76, Ambato",t,2026-07-17 19:22:27.718562-05,2026-07-17 19:22:27.718562-05,generator_script,
275,1750000275,Veronica Gomez Gomez,veronica.gomez275@gmail.com,+593908006325,"Calle Flores N30-85, Quito",t,2026-07-17 19:22:27.718562-05,2026-07-17 19:22:27.718562-05,generator_script,
276,1750000276,Manuel Rodriguez Torres,manuel.rodriguez276@gmail.com,+593908006348,"Av. Republica N34-14, Cuenca",t,2026-07-17 19:22:27.718562-05,2026-07-17 19:22:27.718562-05,generator_script,
277,1750000277,Estefania Ramirez Viteri,estefania.ramirez277@gmail.com,+593908006371,"Calle Bolivar N38-23, Manta",t,2026-07-17 19:22:27.718562-05,2026-07-17 19:22:27.718562-05,generator_script,
278,1750000278,Alejandro Diaz Vega,alejandro.diaz278@gmail.com,+593908006394,"Av. Eloy Alfaro N42-32, Guayaquil",t,2026-07-17 19:22:27.718562-05,2026-07-17 19:22:27.718562-05,generator_script,
279,1750000279,Adriana Alvear Rodriguez,adriana.alvear279@gmail.com,+593908006417,"Calle Esmeraldas N46-41, Ambato",t,2026-07-17 19:22:27.718562-05,2026-07-17 19:22:27.718562-05,generator_script,
280,1750000280,Juan Cardenas Castro,juan.cardenas280@gmail.com,+593908006440,"Av. Amazonas N50-50, Quito",t,2026-07-17 19:22:27.718562-05,2026-07-17 19:22:27.718562-05,generator_script,
281,1750000281,Ana Espinosa Morales,ana.espinosa281@gmail.com,+593908006463,"Calle Guayaquil N54-59, Cuenca",t,2026-07-17 19:22:27.718562-05,2026-07-17 19:22:27.718562-05,generator_script,
282,1750000282,Luis Vega Paredes,luis.vega282@gmail.com,+593908006486,"Av. De los Shyris N58-68, Manta",t,2026-07-17 19:22:27.718562-05,2026-07-17 19:22:27.718562-05,generator_script,
283,1750000283,Gabriela Paredes Ramirez,gabriela.paredes283@gmail.com,+593908006509,"Calle Venezuela N62-77, Guayaquil",t,2026-07-17 19:22:27.718562-05,2026-07-17 19:22:27.718562-05,generator_script,
284,1750000284,Jorge Martinez Ortiz,jorge.martinez284@gmail.com,+593908006532,"Av. 10 de Agosto N66-86, Ambato",t,2026-07-17 19:22:27.718562-05,2026-07-17 19:22:27.718562-05,generator_script,
285,1750000285,Silvia Sanchez Delgado,silvia.sanchez285@gmail.com,+593908006555,"Calle Flores N70-15, Quito",t,2026-07-17 19:22:27.718562-05,2026-07-17 19:22:27.718562-05,generator_script,
286,1750000286,Jose Flores Martinez,jose.flores286@gmail.com,+593908006578,"Av. Republica N74-24, Cuenca",t,2026-07-17 19:22:27.718562-05,2026-07-17 19:22:27.718562-05,generator_script,
287,1750000287,Camila Silva Diaz,camila.silva287@gmail.com,+593908006601,"Calle Bolivar N78-33, Manta",t,2026-07-17 19:22:27.718562-05,2026-07-17 19:22:27.718562-05,generator_script,
288,1750000288,David Viteri Cabrera,david.viteri288@gmail.com,+593908006624,"Av. Eloy Alfaro N82-42, Guayaquil",t,2026-07-17 19:22:27.718562-05,2026-07-17 19:22:27.718562-05,generator_script,
289,1750000289,Valeria Morales Mora,valeria.morales289@gmail.com,+593908006647,"Calle Esmeraldas N86-51, Ambato",t,2026-07-17 19:22:27.718562-05,2026-07-17 19:22:27.718562-05,generator_script,
290,1750000290,Diego Delgado Sanchez,diego.delgado290@gmail.com,+593908006670,"Av. Amazonas N90-60, Quito",t,2026-07-17 19:22:27.718562-05,2026-07-17 19:22:27.718562-05,generator_script,
291,1750000291,Andrea Mora Alvear,andrea.mora291@gmail.com,+593908006693,"Calle Guayaquil N94-69, Cuenca",t,2026-07-17 19:22:27.718562-05,2026-07-17 19:22:27.718562-05,generator_script,
292,1750000292,Daniel Lopez Rivas,daniel.lopez292@gmail.com,+593908006716,"Av. De los Shyris N98-78, Manta",t,2026-07-17 19:22:27.718562-05,2026-07-17 19:22:27.718562-05,generator_script,
293,1750000293,Carla Perez Lopez,carla.perez293@gmail.com,+593908006739,"Calle Venezuela N12-87, Guayaquil",t,2026-07-17 19:22:27.718562-05,2026-07-17 19:22:27.718562-05,generator_script,
294,1750000294,Mario Torres Flores,mario.torres294@gmail.com,+593908006762,"Av. 10 de Agosto N16-16, Ambato",t,2026-07-17 19:22:27.718562-05,2026-07-17 19:22:27.718562-05,generator_script,
295,1750000295,Veronica Castro Cardenas,veronica.castro295@gmail.com,+593908006785,"Calle Flores N20-25, Quito",t,2026-07-17 19:22:27.718562-05,2026-07-17 19:22:27.718562-05,generator_script,
296,1750000296,Manuel Ortiz Solis,manuel.ortiz296@gmail.com,+593908006808,"Av. Republica N24-34, Cuenca",t,2026-07-17 19:22:27.718562-05,2026-07-17 19:22:27.718562-05,generator_script,
297,1750000297,Estefania Cabrera Perez,estefania.cabrera297@gmail.com,+593908006831,"Calle Bolivar N28-43, Manta",t,2026-07-17 19:22:27.718562-05,2026-07-17 19:22:27.718562-05,generator_script,
298,1750000298,Alejandro Rivas Silva,alejandro.rivas298@gmail.com,+593908006854,"Av. Eloy Alfaro N32-52, Guayaquil",t,2026-07-17 19:22:27.718562-05,2026-07-17 19:22:27.718562-05,generator_script,
299,1750000299,Adriana Solis Espinosa,adriana.solis299@gmail.com,+593908006877,"Calle Esmeraldas N36-61, Ambato",t,2026-07-17 19:22:27.718562-05,2026-07-17 19:22:27.718562-05,generator_script,
300,1750000300,Juan Gomez Gomez,juan.gomez300@gmail.com,+593908006900,"Av. Amazonas N40-70, Quito",t,2026-07-17 19:22:27.718562-05,2026-07-17 19:22:27.718562-05,generator_script,
301,1750000301,Ana Rodriguez Torres,ana.rodriguez301@gmail.com,+593908006923,"Calle Guayaquil N44-79, Cuenca",t,2026-07-17 19:22:27.718562-05,2026-07-17 19:22:27.718562-05,generator_script,
302,1750000302,Luis Ramirez Viteri,luis.ramirez302@gmail.com,+593908006946,"Av. De los Shyris N48-88, Manta",t,2026-07-17 19:22:27.718562-05,2026-07-17 19:22:27.718562-05,generator_script,
303,1750000303,Gabriela Diaz Vega,gabriela.diaz303@gmail.com,+593908006969,"Calle Venezuela N52-17, Guayaquil",t,2026-07-17 19:22:27.718562-05,2026-07-17 19:22:27.718562-05,generator_script,
304,1750000304,Jorge Alvear Rodriguez,jorge.alvear304@gmail.com,+593908006992,"Av. 10 de Agosto N56-26, Ambato",t,2026-07-17 19:22:27.718562-05,2026-07-17 19:22:27.718562-05,generator_script,
305,1750000305,Silvia Cardenas Castro,silvia.cardenas305@gmail.com,+593908007015,"Calle Flores N60-35, Quito",t,2026-07-17 19:22:27.718562-05,2026-07-17 19:22:27.718562-05,generator_script,
306,1750000306,Jose Espinosa Morales,jose.espinosa306@gmail.com,+593908007038,"Av. Republica N64-44, Cuenca",t,2026-07-17 19:22:27.718562-05,2026-07-17 19:22:27.718562-05,generator_script,
307,1750000307,Camila Vega Paredes,camila.vega307@gmail.com,+593908007061,"Calle Bolivar N68-53, Manta",t,2026-07-17 19:22:27.718562-05,2026-07-17 19:22:27.718562-05,generator_script,
308,1750000308,David Paredes Ramirez,david.paredes308@gmail.com,+593908007084,"Av. Eloy Alfaro N72-62, Guayaquil",t,2026-07-17 19:22:27.718562-05,2026-07-17 19:22:27.718562-05,generator_script,
309,1750000309,Valeria Martinez Ortiz,valeria.martinez309@gmail.com,+593908007107,"Calle Esmeraldas N76-71, Ambato",t,2026-07-17 19:22:27.718562-05,2026-07-17 19:22:27.718562-05,generator_script,
310,1750000310,Diego Sanchez Delgado,diego.sanchez310@gmail.com,+593908007130,"Av. Amazonas N80-80, Quito",t,2026-07-17 19:22:27.718562-05,2026-07-17 19:22:27.718562-05,generator_script,
311,1750000311,Andrea Flores Martinez,andrea.flores311@gmail.com,+593908007153,"Calle Guayaquil N84-89, Cuenca",t,2026-07-17 19:22:27.718562-05,2026-07-17 19:22:27.718562-05,generator_script,
312,1750000312,Daniel Silva Diaz,daniel.silva312@gmail.com,+593908007176,"Av. De los Shyris N88-18, Manta",t,2026-07-17 19:22:27.718562-05,2026-07-17 19:22:27.718562-05,generator_script,
313,1750000313,Carla Viteri Cabrera,carla.viteri313@gmail.com,+593908007199,"Calle Venezuela N92-27, Guayaquil",t,2026-07-17 19:22:27.718562-05,2026-07-17 19:22:27.718562-05,generator_script,
314,1750000314,Mario Morales Mora,mario.morales314@gmail.com,+593908007222,"Av. 10 de Agosto N96-36, Ambato",t,2026-07-17 19:22:27.718562-05,2026-07-17 19:22:27.718562-05,generator_script,
315,1750000315,Veronica Delgado Sanchez,veronica.delgado315@gmail.com,+593908007245,"Calle Flores N10-45, Quito",t,2026-07-17 19:22:27.718562-05,2026-07-17 19:22:27.718562-05,generator_script,
316,1750000316,Manuel Mora Alvear,manuel.mora316@gmail.com,+593908007268,"Av. Republica N14-54, Cuenca",t,2026-07-17 19:22:27.718562-05,2026-07-17 19:22:27.718562-05,generator_script,
317,1750000317,Estefania Lopez Rivas,estefania.lopez317@gmail.com,+593908007291,"Calle Bolivar N18-63, Manta",t,2026-07-17 19:22:27.718562-05,2026-07-17 19:22:27.718562-05,generator_script,
318,1750000318,Alejandro Perez Lopez,alejandro.perez318@gmail.com,+593908007314,"Av. Eloy Alfaro N22-72, Guayaquil",t,2026-07-17 19:22:27.718562-05,2026-07-17 19:22:27.718562-05,generator_script,
319,1750000319,Adriana Torres Flores,adriana.torres319@gmail.com,+593908007337,"Calle Esmeraldas N26-81, Ambato",t,2026-07-17 19:22:27.718562-05,2026-07-17 19:22:27.718562-05,generator_script,
320,1750000320,Juan Castro Cardenas,juan.castro320@gmail.com,+593908007360,"Av. Amazonas N30-10, Quito",t,2026-07-17 19:22:27.718562-05,2026-07-17 19:22:27.718562-05,generator_script,
321,1750000321,Ana Ortiz Solis,ana.ortiz321@gmail.com,+593908007383,"Calle Guayaquil N34-19, Cuenca",t,2026-07-17 19:22:27.718562-05,2026-07-17 19:22:27.718562-05,generator_script,
322,1750000322,Luis Cabrera Perez,luis.cabrera322@gmail.com,+593908007406,"Av. De los Shyris N38-28, Manta",t,2026-07-17 19:22:27.718562-05,2026-07-17 19:22:27.718562-05,generator_script,
323,1750000323,Gabriela Rivas Silva,gabriela.rivas323@gmail.com,+593908007429,"Calle Venezuela N42-37, Guayaquil",t,2026-07-17 19:22:27.718562-05,2026-07-17 19:22:27.718562-05,generator_script,
324,1750000324,Jorge Solis Espinosa,jorge.solis324@gmail.com,+593908007452,"Av. 10 de Agosto N46-46, Ambato",t,2026-07-17 19:22:27.718562-05,2026-07-17 19:22:27.718562-05,generator_script,
325,1750000325,Silvia Gomez Gomez,silvia.gomez325@gmail.com,+593908007475,"Calle Flores N50-55, Quito",t,2026-07-17 19:22:27.718562-05,2026-07-17 19:22:27.718562-05,generator_script,
326,1750000326,Jose Rodriguez Torres,jose.rodriguez326@gmail.com,+593908007498,"Av. Republica N54-64, Cuenca",t,2026-07-17 19:22:27.718562-05,2026-07-17 19:22:27.718562-05,generator_script,
327,1750000327,Camila Ramirez Viteri,camila.ramirez327@gmail.com,+593908007521,"Calle Bolivar N58-73, Manta",t,2026-07-17 19:22:27.718562-05,2026-07-17 19:22:27.718562-05,generator_script,
328,1750000328,David Diaz Vega,david.diaz328@gmail.com,+593908007544,"Av. Eloy Alfaro N62-82, Guayaquil",t,2026-07-17 19:22:27.718562-05,2026-07-17 19:22:27.718562-05,generator_script,
329,1750000329,Valeria Alvear Rodriguez,valeria.alvear329@gmail.com,+593908007567,"Calle Esmeraldas N66-11, Ambato",t,2026-07-17 19:22:27.718562-05,2026-07-17 19:22:27.718562-05,generator_script,
330,1750000330,Diego Cardenas Castro,diego.cardenas330@gmail.com,+593908007590,"Av. Amazonas N70-20, Quito",t,2026-07-17 19:22:27.718562-05,2026-07-17 19:22:27.718562-05,generator_script,
331,1750000331,Andrea Espinosa Morales,andrea.espinosa331@gmail.com,+593908007613,"Calle Guayaquil N74-29, Cuenca",t,2026-07-17 19:22:27.718562-05,2026-07-17 19:22:27.718562-05,generator_script,
332,1750000332,Daniel Vega Paredes,daniel.vega332@gmail.com,+593908007636,"Av. De los Shyris N78-38, Manta",t,2026-07-17 19:22:27.718562-05,2026-07-17 19:22:27.718562-05,generator_script,
333,1750000333,Carla Paredes Ramirez,carla.paredes333@gmail.com,+593908007659,"Calle Venezuela N82-47, Guayaquil",t,2026-07-17 19:22:27.718562-05,2026-07-17 19:22:27.718562-05,generator_script,
334,1750000334,Mario Martinez Ortiz,mario.martinez334@gmail.com,+593908007682,"Av. 10 de Agosto N86-56, Ambato",t,2026-07-17 19:22:27.718562-05,2026-07-17 19:22:27.718562-05,generator_script,
335,1750000335,Veronica Sanchez Delgado,veronica.sanchez335@gmail.com,+593908007705,"Calle Flores N90-65, Quito",t,2026-07-17 19:22:27.718562-05,2026-07-17 19:22:27.718562-05,generator_script,
336,1750000336,Manuel Flores Martinez,manuel.flores336@gmail.com,+593908007728,"Av. Republica N94-74, Cuenca",t,2026-07-17 19:22:27.718562-05,2026-07-17 19:22:27.718562-05,generator_script,
337,1750000337,Estefania Silva Diaz,estefania.silva337@gmail.com,+593908007751,"Calle Bolivar N98-83, Manta",t,2026-07-17 19:22:27.718562-05,2026-07-17 19:22:27.718562-05,generator_script,
338,1750000338,Alejandro Viteri Cabrera,alejandro.viteri338@gmail.com,+593908007774,"Av. Eloy Alfaro N12-12, Guayaquil",t,2026-07-17 19:22:27.718562-05,2026-07-17 19:22:27.718562-05,generator_script,
339,1750000339,Adriana Morales Mora,adriana.morales339@gmail.com,+593908007797,"Calle Esmeraldas N16-21, Ambato",t,2026-07-17 19:22:27.718562-05,2026-07-17 19:22:27.718562-05,generator_script,
340,1750000340,Juan Delgado Sanchez,juan.delgado340@gmail.com,+593908007820,"Av. Amazonas N20-30, Quito",t,2026-07-17 19:22:27.718562-05,2026-07-17 19:22:27.718562-05,generator_script,
341,1750000341,Ana Mora Alvear,ana.mora341@gmail.com,+593908007843,"Calle Guayaquil N24-39, Cuenca",t,2026-07-17 19:22:27.718562-05,2026-07-17 19:22:27.718562-05,generator_script,
342,1750000342,Luis Lopez Rivas,luis.lopez342@gmail.com,+593908007866,"Av. De los Shyris N28-48, Manta",t,2026-07-17 19:22:27.718562-05,2026-07-17 19:22:27.718562-05,generator_script,
343,1750000343,Gabriela Perez Lopez,gabriela.perez343@gmail.com,+593908007889,"Calle Venezuela N32-57, Guayaquil",t,2026-07-17 19:22:27.718562-05,2026-07-17 19:22:27.718562-05,generator_script,
344,1750000344,Jorge Torres Flores,jorge.torres344@gmail.com,+593908007912,"Av. 10 de Agosto N36-66, Ambato",t,2026-07-17 19:22:27.718562-05,2026-07-17 19:22:27.718562-05,generator_script,
345,1750000345,Silvia Castro Cardenas,silvia.castro345@gmail.com,+593908007935,"Calle Flores N40-75, Quito",t,2026-07-17 19:22:27.718562-05,2026-07-17 19:22:27.718562-05,generator_script,
346,1750000346,Jose Ortiz Solis,jose.ortiz346@gmail.com,+593908007958,"Av. Republica N44-84, Cuenca",t,2026-07-17 19:22:27.718562-05,2026-07-17 19:22:27.718562-05,generator_script,
347,1750000347,Camila Cabrera Perez,camila.cabrera347@gmail.com,+593908007981,"Calle Bolivar N48-13, Manta",t,2026-07-17 19:22:27.718562-05,2026-07-17 19:22:27.718562-05,generator_script,
348,1750000348,David Rivas Silva,david.rivas348@gmail.com,+593908008004,"Av. Eloy Alfaro N52-22, Guayaquil",t,2026-07-17 19:22:27.718562-05,2026-07-17 19:22:27.718562-05,generator_script,
349,1750000349,Valeria Solis Espinosa,valeria.solis349@gmail.com,+593908008027,"Calle Esmeraldas N56-31, Ambato",t,2026-07-17 19:22:27.718562-05,2026-07-17 19:22:27.718562-05,generator_script,
350,1750000350,Diego Gomez Gomez,diego.gomez350@gmail.com,+593908008050,"Av. Amazonas N60-40, Quito",t,2026-07-17 19:22:27.718562-05,2026-07-17 19:22:27.718562-05,generator_script,
351,1750000351,Andrea Rodriguez Torres,andrea.rodriguez351@gmail.com,+593908008073,"Calle Guayaquil N64-49, Cuenca",t,2026-07-17 19:22:27.718562-05,2026-07-17 19:22:27.718562-05,generator_script,
352,1750000352,Daniel Ramirez Viteri,daniel.ramirez352@gmail.com,+593908008096,"Av. De los Shyris N68-58, Manta",t,2026-07-17 19:22:27.718562-05,2026-07-17 19:22:27.718562-05,generator_script,
353,1750000353,Carla Diaz Vega,carla.diaz353@gmail.com,+593908008119,"Calle Venezuela N72-67, Guayaquil",t,2026-07-17 19:22:27.718562-05,2026-07-17 19:22:27.718562-05,generator_script,
354,1750000354,Mario Alvear Rodriguez,mario.alvear354@gmail.com,+593908008142,"Av. 10 de Agosto N76-76, Ambato",t,2026-07-17 19:22:27.718562-05,2026-07-17 19:22:27.718562-05,generator_script,
355,1750000355,Veronica Cardenas Castro,veronica.cardenas355@gmail.com,+593908008165,"Calle Flores N80-85, Quito",t,2026-07-17 19:22:27.718562-05,2026-07-17 19:22:27.718562-05,generator_script,
356,1750000356,Manuel Espinosa Morales,manuel.espinosa356@gmail.com,+593908008188,"Av. Republica N84-14, Cuenca",t,2026-07-17 19:22:27.718562-05,2026-07-17 19:22:27.718562-05,generator_script,
357,1750000357,Estefania Vega Paredes,estefania.vega357@gmail.com,+593908008211,"Calle Bolivar N88-23, Manta",t,2026-07-17 19:22:27.718562-05,2026-07-17 19:22:27.718562-05,generator_script,
358,1750000358,Alejandro Paredes Ramirez,alejandro.paredes358@gmail.com,+593908008234,"Av. Eloy Alfaro N92-32, Guayaquil",t,2026-07-17 19:22:27.718562-05,2026-07-17 19:22:27.718562-05,generator_script,
359,1750000359,Adriana Martinez Ortiz,adriana.martinez359@gmail.com,+593908008257,"Calle Esmeraldas N96-41, Ambato",t,2026-07-17 19:22:27.718562-05,2026-07-17 19:22:27.718562-05,generator_script,
360,1750000360,Juan Sanchez Delgado,juan.sanchez360@gmail.com,+593908008280,"Av. Amazonas N10-50, Quito",t,2026-07-17 19:22:27.718562-05,2026-07-17 19:22:27.718562-05,generator_script,
361,1750000361,Ana Flores Martinez,ana.flores361@gmail.com,+593908008303,"Calle Guayaquil N14-59, Cuenca",t,2026-07-17 19:22:27.718562-05,2026-07-17 19:22:27.718562-05,generator_script,
362,1750000362,Luis Silva Diaz,luis.silva362@gmail.com,+593908008326,"Av. De los Shyris N18-68, Manta",t,2026-07-17 19:22:27.718562-05,2026-07-17 19:22:27.718562-05,generator_script,
363,1750000363,Gabriela Viteri Cabrera,gabriela.viteri363@gmail.com,+593908008349,"Calle Venezuela N22-77, Guayaquil",t,2026-07-17 19:22:27.718562-05,2026-07-17 19:22:27.718562-05,generator_script,
364,1750000364,Jorge Morales Mora,jorge.morales364@gmail.com,+593908008372,"Av. 10 de Agosto N26-86, Ambato",t,2026-07-17 19:22:27.718562-05,2026-07-17 19:22:27.718562-05,generator_script,
365,1750000365,Silvia Delgado Sanchez,silvia.delgado365@gmail.com,+593908008395,"Calle Flores N30-15, Quito",t,2026-07-17 19:22:27.718562-05,2026-07-17 19:22:27.718562-05,generator_script,
366,1750000366,Jose Mora Alvear,jose.mora366@gmail.com,+593908008418,"Av. Republica N34-24, Cuenca",t,2026-07-17 19:22:27.718562-05,2026-07-17 19:22:27.718562-05,generator_script,
367,1750000367,Camila Lopez Rivas,camila.lopez367@gmail.com,+593908008441,"Calle Bolivar N38-33, Manta",t,2026-07-17 19:22:27.718562-05,2026-07-17 19:22:27.718562-05,generator_script,
368,1750000368,David Perez Lopez,david.perez368@gmail.com,+593908008464,"Av. Eloy Alfaro N42-42, Guayaquil",t,2026-07-17 19:22:27.718562-05,2026-07-17 19:22:27.718562-05,generator_script,
369,1750000369,Valeria Torres Flores,valeria.torres369@gmail.com,+593908008487,"Calle Esmeraldas N46-51, Ambato",t,2026-07-17 19:22:27.718562-05,2026-07-17 19:22:27.718562-05,generator_script,
370,1750000370,Diego Castro Cardenas,diego.castro370@gmail.com,+593908008510,"Av. Amazonas N50-60, Quito",t,2026-07-17 19:22:27.718562-05,2026-07-17 19:22:27.718562-05,generator_script,
371,1750000371,Andrea Ortiz Solis,andrea.ortiz371@gmail.com,+593908008533,"Calle Guayaquil N54-69, Cuenca",t,2026-07-17 19:22:27.718562-05,2026-07-17 19:22:27.718562-05,generator_script,
372,1750000372,Daniel Cabrera Perez,daniel.cabrera372@gmail.com,+593908008556,"Av. De los Shyris N58-78, Manta",t,2026-07-17 19:22:27.718562-05,2026-07-17 19:22:27.718562-05,generator_script,
373,1750000373,Carla Rivas Silva,carla.rivas373@gmail.com,+593908008579,"Calle Venezuela N62-87, Guayaquil",t,2026-07-17 19:22:27.718562-05,2026-07-17 19:22:27.718562-05,generator_script,
374,1750000374,Mario Solis Espinosa,mario.solis374@gmail.com,+593908008602,"Av. 10 de Agosto N66-16, Ambato",t,2026-07-17 19:22:27.718562-05,2026-07-17 19:22:27.718562-05,generator_script,
375,1750000375,Veronica Gomez Gomez,veronica.gomez375@gmail.com,+593908008625,"Calle Flores N70-25, Quito",t,2026-07-17 19:22:27.718562-05,2026-07-17 19:22:27.718562-05,generator_script,
376,1750000376,Manuel Rodriguez Torres,manuel.rodriguez376@gmail.com,+593908008648,"Av. Republica N74-34, Cuenca",t,2026-07-17 19:22:27.718562-05,2026-07-17 19:22:27.718562-05,generator_script,
377,1750000377,Estefania Ramirez Viteri,estefania.ramirez377@gmail.com,+593908008671,"Calle Bolivar N78-43, Manta",t,2026-07-17 19:22:27.718562-05,2026-07-17 19:22:27.718562-05,generator_script,
378,1750000378,Alejandro Diaz Vega,alejandro.diaz378@gmail.com,+593908008694,"Av. Eloy Alfaro N82-52, Guayaquil",t,2026-07-17 19:22:27.718562-05,2026-07-17 19:22:27.718562-05,generator_script,
379,1750000379,Adriana Alvear Rodriguez,adriana.alvear379@gmail.com,+593908008717,"Calle Esmeraldas N86-61, Ambato",t,2026-07-17 19:22:27.718562-05,2026-07-17 19:22:27.718562-05,generator_script,
380,1750000380,Juan Cardenas Castro,juan.cardenas380@gmail.com,+593908008740,"Av. Amazonas N90-70, Quito",t,2026-07-17 19:22:27.718562-05,2026-07-17 19:22:27.718562-05,generator_script,
381,1750000381,Ana Espinosa Morales,ana.espinosa381@gmail.com,+593908008763,"Calle Guayaquil N94-79, Cuenca",t,2026-07-17 19:22:27.718562-05,2026-07-17 19:22:27.718562-05,generator_script,
382,1750000382,Luis Vega Paredes,luis.vega382@gmail.com,+593908008786,"Av. De los Shyris N98-88, Manta",t,2026-07-17 19:22:27.718562-05,2026-07-17 19:22:27.718562-05,generator_script,
383,1750000383,Gabriela Paredes Ramirez,gabriela.paredes383@gmail.com,+593908008809,"Calle Venezuela N12-17, Guayaquil",t,2026-07-17 19:22:27.718562-05,2026-07-17 19:22:27.718562-05,generator_script,
384,1750000384,Jorge Martinez Ortiz,jorge.martinez384@gmail.com,+593908008832,"Av. 10 de Agosto N16-26, Ambato",t,2026-07-17 19:22:27.718562-05,2026-07-17 19:22:27.718562-05,generator_script,
385,1750000385,Silvia Sanchez Delgado,silvia.sanchez385@gmail.com,+593908008855,"Calle Flores N20-35, Quito",t,2026-07-17 19:22:27.718562-05,2026-07-17 19:22:27.718562-05,generator_script,
386,1750000386,Jose Flores Martinez,jose.flores386@gmail.com,+593908008878,"Av. Republica N24-44, Cuenca",t,2026-07-17 19:22:27.718562-05,2026-07-17 19:22:27.718562-05,generator_script,
387,1750000387,Camila Silva Diaz,camila.silva387@gmail.com,+593908008901,"Calle Bolivar N28-53, Manta",t,2026-07-17 19:22:27.718562-05,2026-07-17 19:22:27.718562-05,generator_script,
388,1750000388,David Viteri Cabrera,david.viteri388@gmail.com,+593908008924,"Av. Eloy Alfaro N32-62, Guayaquil",t,2026-07-17 19:22:27.718562-05,2026-07-17 19:22:27.718562-05,generator_script,
389,1750000389,Valeria Morales Mora,valeria.morales389@gmail.com,+593908008947,"Calle Esmeraldas N36-71, Ambato",t,2026-07-17 19:22:27.718562-05,2026-07-17 19:22:27.718562-05,generator_script,
390,1750000390,Diego Delgado Sanchez,diego.delgado390@gmail.com,+593908008970,"Av. Amazonas N40-80, Quito",t,2026-07-17 19:22:27.718562-05,2026-07-17 19:22:27.718562-05,generator_script,
391,1750000391,Andrea Mora Alvear,andrea.mora391@gmail.com,+593908008993,"Calle Guayaquil N44-89, Cuenca",t,2026-07-17 19:22:27.718562-05,2026-07-17 19:22:27.718562-05,generator_script,
392,1750000392,Daniel Lopez Rivas,daniel.lopez392@gmail.com,+593908009016,"Av. De los Shyris N48-18, Manta",t,2026-07-17 19:22:27.718562-05,2026-07-17 19:22:27.718562-05,generator_script,
393,1750000393,Carla Perez Lopez,carla.perez393@gmail.com,+593908009039,"Calle Venezuela N52-27, Guayaquil",t,2026-07-17 19:22:27.718562-05,2026-07-17 19:22:27.718562-05,generator_script,
394,1750000394,Mario Torres Flores,mario.torres394@gmail.com,+593908009062,"Av. 10 de Agosto N56-36, Ambato",t,2026-07-17 19:22:27.718562-05,2026-07-17 19:22:27.718562-05,generator_script,
395,1750000395,Veronica Castro Cardenas,veronica.castro395@gmail.com,+593908009085,"Calle Flores N60-45, Quito",t,2026-07-17 19:22:27.718562-05,2026-07-17 19:22:27.718562-05,generator_script,
396,1750000396,Manuel Ortiz Solis,manuel.ortiz396@gmail.com,+593908009108,"Av. Republica N64-54, Cuenca",t,2026-07-17 19:22:27.718562-05,2026-07-17 19:22:27.718562-05,generator_script,
397,1750000397,Estefania Cabrera Perez,estefania.cabrera397@gmail.com,+593908009131,"Calle Bolivar N68-63, Manta",t,2026-07-17 19:22:27.718562-05,2026-07-17 19:22:27.718562-05,generator_script,
398,1750000398,Alejandro Rivas Silva,alejandro.rivas398@gmail.com,+593908009154,"Av. Eloy Alfaro N72-72, Guayaquil",t,2026-07-17 19:22:27.718562-05,2026-07-17 19:22:27.718562-05,generator_script,
399,1750000399,Adriana Solis Espinosa,adriana.solis399@gmail.com,+593908009177,"Calle Esmeraldas N76-81, Ambato",t,2026-07-17 19:22:27.718562-05,2026-07-17 19:22:27.718562-05,generator_script,
400,1750000400,Juan Gomez Gomez,juan.gomez400@gmail.com,+593908009200,"Av. Amazonas N80-10, Quito",t,2026-07-17 19:22:27.718562-05,2026-07-17 19:22:27.718562-05,generator_script,
401,1750000401,Ana Rodriguez Torres,ana.rodriguez401@gmail.com,+593908009223,"Calle Guayaquil N84-19, Cuenca",t,2026-07-17 19:22:27.718562-05,2026-07-17 19:22:27.718562-05,generator_script,
402,1750000402,Luis Ramirez Viteri,luis.ramirez402@gmail.com,+593908009246,"Av. De los Shyris N88-28, Manta",t,2026-07-17 19:22:27.718562-05,2026-07-17 19:22:27.718562-05,generator_script,
403,1750000403,Gabriela Diaz Vega,gabriela.diaz403@gmail.com,+593908009269,"Calle Venezuela N92-37, Guayaquil",t,2026-07-17 19:22:27.718562-05,2026-07-17 19:22:27.718562-05,generator_script,
404,1750000404,Jorge Alvear Rodriguez,jorge.alvear404@gmail.com,+593908009292,"Av. 10 de Agosto N96-46, Ambato",t,2026-07-17 19:22:27.718562-05,2026-07-17 19:22:27.718562-05,generator_script,
405,1750000405,Silvia Cardenas Castro,silvia.cardenas405@gmail.com,+593908009315,"Calle Flores N10-55, Quito",t,2026-07-17 19:22:27.718562-05,2026-07-17 19:22:27.718562-05,generator_script,
406,1750000406,Jose Espinosa Morales,jose.espinosa406@gmail.com,+593908009338,"Av. Republica N14-64, Cuenca",t,2026-07-17 19:22:27.718562-05,2026-07-17 19:22:27.718562-05,generator_script,
407,1750000407,Camila Vega Paredes,camila.vega407@gmail.com,+593908009361,"Calle Bolivar N18-73, Manta",t,2026-07-17 19:22:27.718562-05,2026-07-17 19:22:27.718562-05,generator_script,
408,1750000408,David Paredes Ramirez,david.paredes408@gmail.com,+593908009384,"Av. Eloy Alfaro N22-82, Guayaquil",t,2026-07-17 19:22:27.718562-05,2026-07-17 19:22:27.718562-05,generator_script,
409,1750000409,Valeria Martinez Ortiz,valeria.martinez409@gmail.com,+593908009407,"Calle Esmeraldas N26-11, Ambato",t,2026-07-17 19:22:27.718562-05,2026-07-17 19:22:27.718562-05,generator_script,
410,1750000410,Diego Sanchez Delgado,diego.sanchez410@gmail.com,+593908009430,"Av. Amazonas N30-20, Quito",t,2026-07-17 19:22:27.718562-05,2026-07-17 19:22:27.718562-05,generator_script,
411,1750000411,Andrea Flores Martinez,andrea.flores411@gmail.com,+593908009453,"Calle Guayaquil N34-29, Cuenca",t,2026-07-17 19:22:27.718562-05,2026-07-17 19:22:27.718562-05,generator_script,
412,1750000412,Daniel Silva Diaz,daniel.silva412@gmail.com,+593908009476,"Av. De los Shyris N38-38, Manta",t,2026-07-17 19:22:27.718562-05,2026-07-17 19:22:27.718562-05,generator_script,
413,1750000413,Carla Viteri Cabrera,carla.viteri413@gmail.com,+593908009499,"Calle Venezuela N42-47, Guayaquil",t,2026-07-17 19:22:27.718562-05,2026-07-17 19:22:27.718562-05,generator_script,
414,1750000414,Mario Morales Mora,mario.morales414@gmail.com,+593908009522,"Av. 10 de Agosto N46-56, Ambato",t,2026-07-17 19:22:27.718562-05,2026-07-17 19:22:27.718562-05,generator_script,
415,1750000415,Veronica Delgado Sanchez,veronica.delgado415@gmail.com,+593908009545,"Calle Flores N50-65, Quito",t,2026-07-17 19:22:27.718562-05,2026-07-17 19:22:27.718562-05,generator_script,
416,1750000416,Manuel Mora Alvear,manuel.mora416@gmail.com,+593908009568,"Av. Republica N54-74, Cuenca",t,2026-07-17 19:22:27.718562-05,2026-07-17 19:22:27.718562-05,generator_script,
417,1750000417,Estefania Lopez Rivas,estefania.lopez417@gmail.com,+593908009591,"Calle Bolivar N58-83, Manta",t,2026-07-17 19:22:27.718562-05,2026-07-17 19:22:27.718562-05,generator_script,
418,1750000418,Alejandro Perez Lopez,alejandro.perez418@gmail.com,+593908009614,"Av. Eloy Alfaro N62-12, Guayaquil",t,2026-07-17 19:22:27.718562-05,2026-07-17 19:22:27.718562-05,generator_script,
419,1750000419,Adriana Torres Flores,adriana.torres419@gmail.com,+593908009637,"Calle Esmeraldas N66-21, Ambato",t,2026-07-17 19:22:27.718562-05,2026-07-17 19:22:27.718562-05,generator_script,
420,1750000420,Juan Castro Cardenas,juan.castro420@gmail.com,+593908009660,"Av. Amazonas N70-30, Quito",t,2026-07-17 19:22:27.718562-05,2026-07-17 19:22:27.718562-05,generator_script,
421,1750000421,Ana Ortiz Solis,ana.ortiz421@gmail.com,+593908009683,"Calle Guayaquil N74-39, Cuenca",t,2026-07-17 19:22:27.718562-05,2026-07-17 19:22:27.718562-05,generator_script,
422,1750000422,Luis Cabrera Perez,luis.cabrera422@gmail.com,+593908009706,"Av. De los Shyris N78-48, Manta",t,2026-07-17 19:22:27.718562-05,2026-07-17 19:22:27.718562-05,generator_script,
423,1750000423,Gabriela Rivas Silva,gabriela.rivas423@gmail.com,+593908009729,"Calle Venezuela N82-57, Guayaquil",t,2026-07-17 19:22:27.718562-05,2026-07-17 19:22:27.718562-05,generator_script,
424,1750000424,Jorge Solis Espinosa,jorge.solis424@gmail.com,+593908009752,"Av. 10 de Agosto N86-66, Ambato",t,2026-07-17 19:22:27.718562-05,2026-07-17 19:22:27.718562-05,generator_script,
425,1750000425,Silvia Gomez Gomez,silvia.gomez425@gmail.com,+593908009775,"Calle Flores N90-75, Quito",t,2026-07-17 19:22:27.718562-05,2026-07-17 19:22:27.718562-05,generator_script,
426,1750000426,Jose Rodriguez Torres,jose.rodriguez426@gmail.com,+593908009798,"Av. Republica N94-84, Cuenca",t,2026-07-17 19:22:27.718562-05,2026-07-17 19:22:27.718562-05,generator_script,
427,1750000427,Camila Ramirez Viteri,camila.ramirez427@gmail.com,+593908009821,"Calle Bolivar N98-13, Manta",t,2026-07-17 19:22:27.718562-05,2026-07-17 19:22:27.718562-05,generator_script,
428,1750000428,David Diaz Vega,david.diaz428@gmail.com,+593908009844,"Av. Eloy Alfaro N12-22, Guayaquil",t,2026-07-17 19:22:27.718562-05,2026-07-17 19:22:27.718562-05,generator_script,
429,1750000429,Valeria Alvear Rodriguez,valeria.alvear429@gmail.com,+593908009867,"Calle Esmeraldas N16-31, Ambato",t,2026-07-17 19:22:27.718562-05,2026-07-17 19:22:27.718562-05,generator_script,
430,1750000430,Diego Cardenas Castro,diego.cardenas430@gmail.com,+593908009890,"Av. Amazonas N20-40, Quito",t,2026-07-17 19:22:27.718562-05,2026-07-17 19:22:27.718562-05,generator_script,
431,1750000431,Andrea Espinosa Morales,andrea.espinosa431@gmail.com,+593908009913,"Calle Guayaquil N24-49, Cuenca",t,2026-07-17 19:22:27.718562-05,2026-07-17 19:22:27.718562-05,generator_script,
432,1750000432,Daniel Vega Paredes,daniel.vega432@gmail.com,+593908009936,"Av. De los Shyris N28-58, Manta",t,2026-07-17 19:22:27.718562-05,2026-07-17 19:22:27.718562-05,generator_script,
433,1750000433,Carla Paredes Ramirez,carla.paredes433@gmail.com,+593908009959,"Calle Venezuela N32-67, Guayaquil",t,2026-07-17 19:22:27.718562-05,2026-07-17 19:22:27.718562-05,generator_script,
434,1750000434,Mario Martinez Ortiz,mario.martinez434@gmail.com,+593908009982,"Av. 10 de Agosto N36-76, Ambato",t,2026-07-17 19:22:27.718562-05,2026-07-17 19:22:27.718562-05,generator_script,
435,1750000435,Veronica Sanchez Delgado,veronica.sanchez435@gmail.com,+593908010005,"Calle Flores N40-85, Quito",t,2026-07-17 19:22:27.718562-05,2026-07-17 19:22:27.718562-05,generator_script,
436,1750000436,Manuel Flores Martinez,manuel.flores436@gmail.com,+593908010028,"Av. Republica N44-14, Cuenca",t,2026-07-17 19:22:27.718562-05,2026-07-17 19:22:27.718562-05,generator_script,
437,1750000437,Estefania Silva Diaz,estefania.silva437@gmail.com,+593908010051,"Calle Bolivar N48-23, Manta",t,2026-07-17 19:22:27.718562-05,2026-07-17 19:22:27.718562-05,generator_script,
438,1750000438,Alejandro Viteri Cabrera,alejandro.viteri438@gmail.com,+593908010074,"Av. Eloy Alfaro N52-32, Guayaquil",t,2026-07-17 19:22:27.718562-05,2026-07-17 19:22:27.718562-05,generator_script,
439,1750000439,Adriana Morales Mora,adriana.morales439@gmail.com,+593908010097,"Calle Esmeraldas N56-41, Ambato",t,2026-07-17 19:22:27.718562-05,2026-07-17 19:22:27.718562-05,generator_script,
440,1750000440,Juan Delgado Sanchez,juan.delgado440@gmail.com,+593908010120,"Av. Amazonas N60-50, Quito",t,2026-07-17 19:22:27.718562-05,2026-07-17 19:22:27.718562-05,generator_script,
441,1750000441,Ana Mora Alvear,ana.mora441@gmail.com,+593908010143,"Calle Guayaquil N64-59, Cuenca",t,2026-07-17 19:22:27.718562-05,2026-07-17 19:22:27.718562-05,generator_script,
442,1750000442,Luis Lopez Rivas,luis.lopez442@gmail.com,+593908010166,"Av. De los Shyris N68-68, Manta",t,2026-07-17 19:22:27.718562-05,2026-07-17 19:22:27.718562-05,generator_script,
443,1750000443,Gabriela Perez Lopez,gabriela.perez443@gmail.com,+593908010189,"Calle Venezuela N72-77, Guayaquil",t,2026-07-17 19:22:27.718562-05,2026-07-17 19:22:27.718562-05,generator_script,
444,1750000444,Jorge Torres Flores,jorge.torres444@gmail.com,+593908010212,"Av. 10 de Agosto N76-86, Ambato",t,2026-07-17 19:22:27.718562-05,2026-07-17 19:22:27.718562-05,generator_script,
445,1750000445,Silvia Castro Cardenas,silvia.castro445@gmail.com,+593908010235,"Calle Flores N80-15, Quito",t,2026-07-17 19:22:27.718562-05,2026-07-17 19:22:27.718562-05,generator_script,
446,1750000446,Jose Ortiz Solis,jose.ortiz446@gmail.com,+593908010258,"Av. Republica N84-24, Cuenca",t,2026-07-17 19:22:27.718562-05,2026-07-17 19:22:27.718562-05,generator_script,
447,1750000447,Camila Cabrera Perez,camila.cabrera447@gmail.com,+593908010281,"Calle Bolivar N88-33, Manta",t,2026-07-17 19:22:27.718562-05,2026-07-17 19:22:27.718562-05,generator_script,
448,1750000448,David Rivas Silva,david.rivas448@gmail.com,+593908010304,"Av. Eloy Alfaro N92-42, Guayaquil",t,2026-07-17 19:22:27.718562-05,2026-07-17 19:22:27.718562-05,generator_script,
449,1750000449,Valeria Solis Espinosa,valeria.solis449@gmail.com,+593908010327,"Calle Esmeraldas N96-51, Ambato",t,2026-07-17 19:22:27.718562-05,2026-07-17 19:22:27.718562-05,generator_script,
450,1750000450,Diego Gomez Gomez,diego.gomez450@gmail.com,+593908010350,"Av. Amazonas N10-60, Quito",t,2026-07-17 19:22:27.718562-05,2026-07-17 19:22:27.718562-05,generator_script,
451,1750000451,Andrea Rodriguez Torres,andrea.rodriguez451@gmail.com,+593908010373,"Calle Guayaquil N14-69, Cuenca",t,2026-07-17 19:22:27.718562-05,2026-07-17 19:22:27.718562-05,generator_script,
452,1750000452,Daniel Ramirez Viteri,daniel.ramirez452@gmail.com,+593908010396,"Av. De los Shyris N18-78, Manta",t,2026-07-17 19:22:27.718562-05,2026-07-17 19:22:27.718562-05,generator_script,
453,1750000453,Carla Diaz Vega,carla.diaz453@gmail.com,+593908010419,"Calle Venezuela N22-87, Guayaquil",t,2026-07-17 19:22:27.718562-05,2026-07-17 19:22:27.718562-05,generator_script,
454,1750000454,Mario Alvear Rodriguez,mario.alvear454@gmail.com,+593908010442,"Av. 10 de Agosto N26-16, Ambato",t,2026-07-17 19:22:27.718562-05,2026-07-17 19:22:27.718562-05,generator_script,
455,1750000455,Veronica Cardenas Castro,veronica.cardenas455@gmail.com,+593908010465,"Calle Flores N30-25, Quito",t,2026-07-17 19:22:27.718562-05,2026-07-17 19:22:27.718562-05,generator_script,
456,1750000456,Manuel Espinosa Morales,manuel.espinosa456@gmail.com,+593908010488,"Av. Republica N34-34, Cuenca",t,2026-07-17 19:22:27.718562-05,2026-07-17 19:22:27.718562-05,generator_script,
457,1750000457,Estefania Vega Paredes,estefania.vega457@gmail.com,+593908010511,"Calle Bolivar N38-43, Manta",t,2026-07-17 19:22:27.718562-05,2026-07-17 19:22:27.718562-05,generator_script,
458,1750000458,Alejandro Paredes Ramirez,alejandro.paredes458@gmail.com,+593908010534,"Av. Eloy Alfaro N42-52, Guayaquil",t,2026-07-17 19:22:27.718562-05,2026-07-17 19:22:27.718562-05,generator_script,
459,1750000459,Adriana Martinez Ortiz,adriana.martinez459@gmail.com,+593908010557,"Calle Esmeraldas N46-61, Ambato",t,2026-07-17 19:22:27.718562-05,2026-07-17 19:22:27.718562-05,generator_script,
460,1750000460,Juan Sanchez Delgado,juan.sanchez460@gmail.com,+593908010580,"Av. Amazonas N50-70, Quito",t,2026-07-17 19:22:27.718562-05,2026-07-17 19:22:27.718562-05,generator_script,
461,1750000461,Ana Flores Martinez,ana.flores461@gmail.com,+593908010603,"Calle Guayaquil N54-79, Cuenca",t,2026-07-17 19:22:27.718562-05,2026-07-17 19:22:27.718562-05,generator_script,
462,1750000462,Luis Silva Diaz,luis.silva462@gmail.com,+593908010626,"Av. De los Shyris N58-88, Manta",t,2026-07-17 19:22:27.718562-05,2026-07-17 19:22:27.718562-05,generator_script,
463,1750000463,Gabriela Viteri Cabrera,gabriela.viteri463@gmail.com,+593908010649,"Calle Venezuela N62-17, Guayaquil",t,2026-07-17 19:22:27.718562-05,2026-07-17 19:22:27.718562-05,generator_script,
464,1750000464,Jorge Morales Mora,jorge.morales464@gmail.com,+593908010672,"Av. 10 de Agosto N66-26, Ambato",t,2026-07-17 19:22:27.718562-05,2026-07-17 19:22:27.718562-05,generator_script,
465,1750000465,Silvia Delgado Sanchez,silvia.delgado465@gmail.com,+593908010695,"Calle Flores N70-35, Quito",t,2026-07-17 19:22:27.718562-05,2026-07-17 19:22:27.718562-05,generator_script,
466,1750000466,Jose Mora Alvear,jose.mora466@gmail.com,+593908010718,"Av. Republica N74-44, Cuenca",t,2026-07-17 19:22:27.718562-05,2026-07-17 19:22:27.718562-05,generator_script,
467,1750000467,Camila Lopez Rivas,camila.lopez467@gmail.com,+593908010741,"Calle Bolivar N78-53, Manta",t,2026-07-17 19:22:27.718562-05,2026-07-17 19:22:27.718562-05,generator_script,
468,1750000468,David Perez Lopez,david.perez468@gmail.com,+593908010764,"Av. Eloy Alfaro N82-62, Guayaquil",t,2026-07-17 19:22:27.718562-05,2026-07-17 19:22:27.718562-05,generator_script,
469,1750000469,Valeria Torres Flores,valeria.torres469@gmail.com,+593908010787,"Calle Esmeraldas N86-71, Ambato",t,2026-07-17 19:22:27.718562-05,2026-07-17 19:22:27.718562-05,generator_script,
470,1750000470,Diego Castro Cardenas,diego.castro470@gmail.com,+593908010810,"Av. Amazonas N90-80, Quito",t,2026-07-17 19:22:27.718562-05,2026-07-17 19:22:27.718562-05,generator_script,
471,1750000471,Andrea Ortiz Solis,andrea.ortiz471@gmail.com,+593908010833,"Calle Guayaquil N94-89, Cuenca",t,2026-07-17 19:22:27.718562-05,2026-07-17 19:22:27.718562-05,generator_script,
472,1750000472,Daniel Cabrera Perez,daniel.cabrera472@gmail.com,+593908010856,"Av. De los Shyris N98-18, Manta",t,2026-07-17 19:22:27.718562-05,2026-07-17 19:22:27.718562-05,generator_script,
473,1750000473,Carla Rivas Silva,carla.rivas473@gmail.com,+593908010879,"Calle Venezuela N12-27, Guayaquil",t,2026-07-17 19:22:27.718562-05,2026-07-17 19:22:27.718562-05,generator_script,
474,1750000474,Mario Solis Espinosa,mario.solis474@gmail.com,+593908010902,"Av. 10 de Agosto N16-36, Ambato",t,2026-07-17 19:22:27.718562-05,2026-07-17 19:22:27.718562-05,generator_script,
475,1750000475,Veronica Gomez Gomez,veronica.gomez475@gmail.com,+593908010925,"Calle Flores N20-45, Quito",t,2026-07-17 19:22:27.718562-05,2026-07-17 19:22:27.718562-05,generator_script,
476,1750000476,Manuel Rodriguez Torres,manuel.rodriguez476@gmail.com,+593908010948,"Av. Republica N24-54, Cuenca",t,2026-07-17 19:22:27.718562-05,2026-07-17 19:22:27.718562-05,generator_script,
477,1750000477,Estefania Ramirez Viteri,estefania.ramirez477@gmail.com,+593908010971,"Calle Bolivar N28-63, Manta",t,2026-07-17 19:22:27.718562-05,2026-07-17 19:22:27.718562-05,generator_script,
478,1750000478,Alejandro Diaz Vega,alejandro.diaz478@gmail.com,+593908010994,"Av. Eloy Alfaro N32-72, Guayaquil",t,2026-07-17 19:22:27.718562-05,2026-07-17 19:22:27.718562-05,generator_script,
479,1750000479,Adriana Alvear Rodriguez,adriana.alvear479@gmail.com,+593908011017,"Calle Esmeraldas N36-81, Ambato",t,2026-07-17 19:22:27.718562-05,2026-07-17 19:22:27.718562-05,generator_script,
480,1750000480,Juan Cardenas Castro,juan.cardenas480@gmail.com,+593908011040,"Av. Amazonas N40-10, Quito",t,2026-07-17 19:22:27.718562-05,2026-07-17 19:22:27.718562-05,generator_script,
481,1750000481,Ana Espinosa Morales,ana.espinosa481@gmail.com,+593908011063,"Calle Guayaquil N44-19, Cuenca",t,2026-07-17 19:22:27.718562-05,2026-07-17 19:22:27.718562-05,generator_script,
482,1750000482,Luis Vega Paredes,luis.vega482@gmail.com,+593908011086,"Av. De los Shyris N48-28, Manta",t,2026-07-17 19:22:27.718562-05,2026-07-17 19:22:27.718562-05,generator_script,
483,1750000483,Gabriela Paredes Ramirez,gabriela.paredes483@gmail.com,+593908011109,"Calle Venezuela N52-37, Guayaquil",t,2026-07-17 19:22:27.718562-05,2026-07-17 19:22:27.718562-05,generator_script,
484,1750000484,Jorge Martinez Ortiz,jorge.martinez484@gmail.com,+593908011132,"Av. 10 de Agosto N56-46, Ambato",t,2026-07-17 19:22:27.718562-05,2026-07-17 19:22:27.718562-05,generator_script,
485,1750000485,Silvia Sanchez Delgado,silvia.sanchez485@gmail.com,+593908011155,"Calle Flores N60-55, Quito",t,2026-07-17 19:22:27.718562-05,2026-07-17 19:22:27.718562-05,generator_script,
486,1750000486,Jose Flores Martinez,jose.flores486@gmail.com,+593908011178,"Av. Republica N64-64, Cuenca",t,2026-07-17 19:22:27.718562-05,2026-07-17 19:22:27.718562-05,generator_script,
487,1750000487,Camila Silva Diaz,camila.silva487@gmail.com,+593908011201,"Calle Bolivar N68-73, Manta",t,2026-07-17 19:22:27.718562-05,2026-07-17 19:22:27.718562-05,generator_script,
488,1750000488,David Viteri Cabrera,david.viteri488@gmail.com,+593908011224,"Av. Eloy Alfaro N72-82, Guayaquil",t,2026-07-17 19:22:27.718562-05,2026-07-17 19:22:27.718562-05,generator_script,
489,1750000489,Valeria Morales Mora,valeria.morales489@gmail.com,+593908011247,"Calle Esmeraldas N76-11, Ambato",t,2026-07-17 19:22:27.718562-05,2026-07-17 19:22:27.718562-05,generator_script,
490,1750000490,Diego Delgado Sanchez,diego.delgado490@gmail.com,+593908011270,"Av. Amazonas N80-20, Quito",t,2026-07-17 19:22:27.718562-05,2026-07-17 19:22:27.718562-05,generator_script,
491,1750000491,Andrea Mora Alvear,andrea.mora491@gmail.com,+593908011293,"Calle Guayaquil N84-29, Cuenca",t,2026-07-17 19:22:27.718562-05,2026-07-17 19:22:27.718562-05,generator_script,
492,1750000492,Daniel Lopez Rivas,daniel.lopez492@gmail.com,+593908011316,"Av. De los Shyris N88-38, Manta",t,2026-07-17 19:22:27.718562-05,2026-07-17 19:22:27.718562-05,generator_script,
493,1750000493,Carla Perez Lopez,carla.perez493@gmail.com,+593908011339,"Calle Venezuela N92-47, Guayaquil",t,2026-07-17 19:22:27.718562-05,2026-07-17 19:22:27.718562-05,generator_script,
494,1750000494,Mario Torres Flores,mario.torres494@gmail.com,+593908011362,"Av. 10 de Agosto N96-56, Ambato",t,2026-07-17 19:22:27.718562-05,2026-07-17 19:22:27.718562-05,generator_script,
495,1750000495,Veronica Castro Cardenas,veronica.castro495@gmail.com,+593908011385,"Calle Flores N10-65, Quito",t,2026-07-17 19:22:27.718562-05,2026-07-17 19:22:27.718562-05,generator_script,
496,1750000496,Manuel Ortiz Solis,manuel.ortiz496@gmail.com,+593908011408,"Av. Republica N14-74, Cuenca",t,2026-07-17 19:22:27.718562-05,2026-07-17 19:22:27.718562-05,generator_script,
497,1750000497,Estefania Cabrera Perez,estefania.cabrera497@gmail.com,+593908011431,"Calle Bolivar N18-83, Manta",t,2026-07-17 19:22:27.718562-05,2026-07-17 19:22:27.718562-05,generator_script,
498,1750000498,Alejandro Rivas Silva,alejandro.rivas498@gmail.com,+593908011454,"Av. Eloy Alfaro N22-12, Guayaquil",t,2026-07-17 19:22:27.718562-05,2026-07-17 19:22:27.718562-05,generator_script,
499,1750000499,Adriana Solis Espinosa,adriana.solis499@gmail.com,+593908011477,"Calle Esmeraldas N26-21, Ambato",t,2026-07-17 19:22:27.718562-05,2026-07-17 19:22:27.718562-05,generator_script,
500,1750000500,Juan Gomez Gomez,juan.gomez500@gmail.com,+593908011500,"Av. Amazonas N30-30, Quito",t,2026-07-17 19:22:27.718562-05,2026-07-17 19:22:27.718562-05,generator_script,
