id_producto,codigo_barras,nombre,descripcion,id_categoria,precio_venta_actual,stock_minimo_alerta,activo,creado_en,modificado_en,creado_por,modificado_por
1,7861000100019,Leche Toni Entera 1L,Leche fluida entera ultrapasteurizada,1,1.10,50.000,t,2026-07-17 19:22:27.718562-05,2026-07-17 19:22:27.718562-05,system,
2,7861000100026,Leche Toni Deslactosada 1L,Leche fluida semidescremada deslactosada,1,1.25,40.000,t,2026-07-17 19:22:27.718562-05,2026-07-17 19:22:27.718562-05,system,
3,7861000100033,Yogurt Toni Fresa 1L,Yogurt entero con dulce sabor a fresa,1,2.45,20.000,t,2026-07-17 19:22:27.718562-05,2026-07-17 19:22:27.718562-05,system,
4,7861000100040,Yogurt Toni Durazno 1L,Yogurt entero sabor durazno,1,2.45,20.000,t,2026-07-17 19:22:27.718562-05,2026-07-17 19:22:27.718562-05,system,
5,7861000100057,Mantequilla Girasol con sal 250g,Mantequilla pasteurizada de mesa,1,1.85,30.000,t,2026-07-17 19:22:27.718562-05,2026-07-17 19:22:27.718562-05,system,
6,7861000100064,Queso Mozzarella Kiosko 500g,Queso semiduro para derretir,1,4.20,15.000,t,2026-07-17 19:22:27.718562-05,2026-07-17 19:22:27.718562-05,system,
7,7861000100071,Queso Crema Kiosko 220g,Queso crema para untar,1,2.10,25.000,t,2026-07-17 19:22:27.718562-05,2026-07-17 19:22:27.718562-05,system,
8,7861000100088,Leche Condensada La Lechera 395g,Leche condensada azucarada tradicional,1,1.95,15.000,t,2026-07-17 19:22:27.718562-05,2026-07-17 19:22:27.718562-05,system,
9,7861000100095,Crema de Leche La Lechera 290g,Crema de leche pasteurizada para cocina,1,1.60,25.000,t,2026-07-17 19:22:27.718562-05,2026-07-17 19:22:27.718562-05,system,
10,7861000100101,Yogurt Griego Toni Natural 150g,Yogurt estilo griego sin azúcar añadido,1,0.95,40.000,t,2026-07-17 19:22:27.718562-05,2026-07-17 19:22:27.718562-05,system,
11,7861000100118,Queso Fresco Reyqueso 500g,Queso fresco de mesa,1,2.90,20.000,t,2026-07-17 19:22:27.718562-05,2026-07-17 19:22:27.718562-05,system,
12,7861000100125,Yogurt Regeneris Ciruela 1L,Bebida láctea con fibra,1,2.60,15.000,t,2026-07-17 19:22:27.718562-05,2026-07-17 19:22:27.718562-05,system,
13,7861000100132,Helado de Vainilla Pingüino 1L,Helado cremoso sabor a vainilla,1,3.50,10.000,t,2026-07-17 19:22:27.718562-05,2026-07-17 19:22:27.718562-05,system,
14,7861000100149,Leche Semidescremada Vita 1L,Leche fluida pasteurizada semidescremada,1,1.05,50.000,t,2026-07-17 19:22:27.718562-05,2026-07-17 19:22:27.718562-05,system,
15,7861000100156,Manjar de Leche Toni 250g,Dulce de leche tradicional,1,1.50,20.000,t,2026-07-17 19:22:27.718562-05,2026-07-17 19:22:27.718562-05,system,
16,7861000100163,Leche de Almendras Nature s Heart 1L,Bebida vegetal de almendras,1,3.20,12.000,t,2026-07-17 19:22:27.718562-05,2026-07-17 19:22:27.718562-05,system,
17,7861000100170,Yogurt Nutri Entero Mora 1L,Yogurt bebible sabor mora,1,1.90,30.000,t,2026-07-17 19:22:27.718562-05,2026-07-17 19:22:27.718562-05,system,
18,7861000100187,Queso Ricotta Alpina 250g,Queso suave bajo en grasa,1,2.30,10.000,t,2026-07-17 19:22:27.718562-05,2026-07-17 19:22:27.718562-05,system,
19,7861000100194,Bebida de Avena Polaca Alimentos 1L,Avena de leche con canela lista,1,1.40,25.000,t,2026-07-17 19:22:27.718562-05,2026-07-17 19:22:27.718562-05,system,
20,7861000100200,Flan de Vainilla Royal pack x4,Postre de flan listo para preparar,1,1.20,30.000,t,2026-07-17 19:22:27.718562-05,2026-07-17 19:22:27.718562-05,system,
21,7861000100217,Gelatina Royal Fresa 80g,Polvo para preparar gelatina de fresa,1,0.75,40.000,t,2026-07-17 19:22:27.718562-05,2026-07-17 19:22:27.718562-05,system,
22,7861000100224,Chispas de Chocolate Nestle 150g,Gotas de chocolate para repostería,1,2.80,15.000,t,2026-07-17 19:22:27.718562-05,2026-07-17 19:22:27.718562-05,system,
23,7861000100231,Leche en Polvo La Vaquita 400g,Leche entera en polvo instantánea,1,3.99,15.000,t,2026-07-17 19:22:27.718562-05,2026-07-17 19:22:27.718562-05,system,
24,7861000100248,Crema Chantilly Puratos 500ml,Crema para batir y decorar repostería,1,2.95,10.000,t,2026-07-17 19:22:27.718562-05,2026-07-17 19:22:27.718562-05,system,
25,7861000100255,Bebida Lactea Chocoleche 200ml,Leche saborizada con chocolate,1,0.55,60.000,t,2026-07-17 19:22:27.718562-05,2026-07-17 19:22:27.718562-05,system,
26,7861000400010,Coca-Cola 2L,Bebida gaseosa sabor original,4,2.10,80.000,t,2026-07-17 19:22:27.718562-05,2026-07-17 19:22:27.718562-05,system,
27,7861000400027,Sprite 1L,Bebida gaseosa sabor lima-limón,4,1.15,40.000,t,2026-07-17 19:22:27.718562-05,2026-07-17 19:22:27.718562-05,system,
28,7861000400034,Fanta Naranja 2L,Bebida gaseosa sabor naranja,4,1.95,45.000,t,2026-07-17 19:22:27.718562-05,2026-07-17 19:22:27.718562-05,system,
29,7861000400041,Agua Mineral Güitig 1.5L,Agua mineral con gas natural,4,0.95,50.000,t,2026-07-17 19:22:27.718562-05,2026-07-17 19:22:27.718562-05,system,
30,7861000400058,Agua Purificada Dasani 1.5L,Agua de mesa sin gas,4,0.75,60.000,t,2026-07-17 19:22:27.718562-05,2026-07-17 19:22:27.718562-05,system,
31,7861000400065,Té Helado Sun Tea Limón 1.5L,Bebida de té con limón,4,1.50,30.000,t,2026-07-17 19:22:27.718562-05,2026-07-17 19:22:27.718562-05,system,
32,7861000400072,Jugo de Naranja Tampico 1L,Bebida sabor cítrico con naranja,4,1.20,40.000,t,2026-07-17 19:22:27.718562-05,2026-07-17 19:22:27.718562-05,system,
33,7861000400089,Gatorade Blue Bolt 750ml,Bebida hidratante para deportistas,4,1.45,50.000,t,2026-07-17 19:22:27.718562-05,2026-07-17 19:22:27.718562-05,system,
34,7861000400096,Cerveza Club Verde Botella 330ml,Cerveza premium tipo pilsener,4,1.35,120.000,t,2026-07-17 19:22:27.718562-05,2026-07-17 19:22:27.718562-05,system,
35,7861000400102,Cerveza Pilsener Lata 473ml,Cerveza tradicional ecuatoriana,4,1.50,180.000,t,2026-07-17 19:22:27.718562-05,2026-07-17 19:22:27.718562-05,system,
36,7861000400119,Néctar de Durazno Del Valle 1L,Bebida de fruta pasteurizada,4,1.40,40.000,t,2026-07-17 19:22:27.718562-05,2026-07-17 19:22:27.718562-05,system,
37,7861000400126,Agua Tónica Fioravanti 1L,Agua tónica para coctelería,4,1.10,20.000,t,2026-07-17 19:22:27.718562-05,2026-07-17 19:22:27.718562-05,system,
38,7861000400133,Red Bull Energy Drink 250ml,Bebida energizante estimulante,4,2.50,35.000,t,2026-07-17 19:22:27.718562-05,2026-07-17 19:22:27.718562-05,system,
39,7861000400140,Jugo Nutri Néctar Manzana 1L,Jugo de manzana listo para tomar,4,1.30,30.000,t,2026-07-17 19:22:27.718562-05,2026-07-17 19:22:27.718562-05,system,
40,7861000400157,Bebida de Coco Silk 1L,Bebida vegetal de coco libre de lácteos,4,3.40,12.000,t,2026-07-17 19:22:27.718562-05,2026-07-17 19:22:27.718562-05,system,
41,7861000400164,Tónica Canada Dry 355ml,Bebida carbonatada de agua tónica,4,0.85,40.000,t,2026-07-17 19:22:27.718562-05,2026-07-17 19:22:27.718562-05,system,
42,7861000400171,Refresco Ponche Tropical Petit 200ml,Jugo de frutas infantil,4,0.45,100.000,t,2026-07-17 19:22:27.718562-05,2026-07-17 19:22:27.718562-05,system,
43,7861000400188,Cerveza Stella Artois Botella 330ml,Cerveza lager premium importada,4,2.10,48.000,t,2026-07-17 19:22:27.718562-05,2026-07-17 19:22:27.718562-05,system,
44,7861000400195,Bebida Aloe Vera OKF 500ml,Bebida refrescante con pulpa de aloe,4,1.65,25.000,t,2026-07-17 19:22:27.718562-05,2026-07-17 19:22:27.718562-05,system,
45,7861000400201,Monster Energy Green 473ml,Bebida energizante lata grande,4,2.75,40.000,t,2026-07-17 19:22:27.718562-05,2026-07-17 19:22:27.718562-05,system,
46,7861000400218,Agua con Gas San Felipe 1L,Agua mineral gasificada de fuente,4,0.80,50.000,t,2026-07-17 19:22:27.718562-05,2026-07-17 19:22:27.718562-05,system,
47,7861000400225,Whisky Johnnie Walker Red Label 750ml,Whisky escocés mezclado,4,24.50,10.000,t,2026-07-17 19:22:27.718562-05,2026-07-17 19:22:27.718562-05,system,
48,7861000400232,Ron San Miguel Añejo 750ml,Ron dorado añejado ecuatoriano,4,11.20,12.000,t,2026-07-17 19:22:27.718562-05,2026-07-17 19:22:27.718562-05,system,
49,7861000400249,Vino Tinto Gato Negro Cabernet 750ml,Vino tinto joven de mesa,4,8.90,20.000,t,2026-07-17 19:22:27.718562-05,2026-07-17 19:22:27.718562-05,system,
50,7861000400256,Aguardiente Zhumir Seco 750ml,Licor destilado tradicional,4,6.50,15.000,t,2026-07-17 19:22:27.718562-05,2026-07-17 19:22:27.718562-05,system,
51,7861000500017,Pan de Molde Bimbo Blanco Grande 550g,Pan de sándwich blanco enriquecido,5,2.65,30.000,t,2026-07-17 19:22:27.718562-05,2026-07-17 19:22:27.718562-05,system,
52,7861000500024,Pan Integral Bimbo 550g,Pan de molde con fibra integral,5,2.85,25.000,t,2026-07-17 19:22:27.718562-05,2026-07-17 19:22:27.718562-05,system,
53,7861000500031,Pan de Hamburguesa Bimbo x4,Pan suave con ajonjolí,5,1.90,20.000,t,2026-07-17 19:22:27.718562-05,2026-07-17 19:22:27.718562-05,system,
54,7861000500048,Tostadas Integrales Supan 200g,Tostadas crujientes de trigo integral,5,1.45,30.000,t,2026-07-17 19:22:27.718562-05,2026-07-17 19:22:27.718562-05,system,
55,7861000500055,Bizcochos de Cayambe 200g,Bizcochos tradicionales crocantes,5,1.80,15.000,t,2026-07-17 19:22:27.718562-05,2026-07-17 19:22:27.718562-05,system,
56,7861000500062,Tortillas de Trigo Rapiditas Bimbo x10,Tortillas para fajitas o wraps,5,2.30,25.000,t,2026-07-17 19:22:27.718562-05,2026-07-17 19:22:27.718562-05,system,
57,7861000500079,Croissants de Mantequilla pack x6,Panes de hojaldre horneados,5,2.50,15.000,t,2026-07-17 19:22:27.718562-05,2026-07-17 19:22:27.718562-05,system,
58,7861000500086,Galletas de Sal Amor Ritz 100g,Galletas saladas crujientes,5,0.90,40.000,t,2026-07-17 19:22:27.718562-05,2026-07-17 19:22:27.718562-05,system,
59,7861000500093,Chiffon de Naranja Pastelería,Bizcocho esponjoso sabor naranja,5,3.80,8.000,t,2026-07-17 19:22:27.718562-05,2026-07-17 19:22:27.718562-05,system,
60,7861000500109,Orejas de Hojaldre Dulces x6,Masas dulces horneadas crujientes,5,1.95,12.000,t,2026-07-17 19:22:27.718562-05,2026-07-17 19:22:27.718562-05,system,
61,7861000500116,Pan de Yuca Horneado Congelado x10,Panaes de yuca con queso listos,5,3.20,15.000,t,2026-07-17 19:22:27.718562-05,2026-07-17 19:22:27.718562-05,system,
62,7861000500123,Muffin de Chocolate Unidad,Panecillo dulce con gotas de chocolate,5,0.95,35.000,t,2026-07-17 19:22:27.718562-05,2026-07-17 19:22:27.718562-05,system,
63,7861000500130,Pan de Molde Multigrano Supan 550g,Pan con semillas de lino y chía,5,2.95,20.000,t,2026-07-17 19:22:27.718562-05,2026-07-17 19:22:27.718562-05,system,
64,7861000500147,Base para Pizza Prepizzas x2,Bases de pizza listas para armar,5,2.10,15.000,t,2026-07-17 19:22:27.718562-05,2026-07-17 19:22:27.718562-05,system,
65,7861000500154,Empanadas de Viento de Queso x6,Empanadas de harina con queso,5,1.85,20.000,t,2026-07-17 19:22:27.718562-05,2026-07-17 19:22:27.718562-05,system,
66,7861000500161,Cake de Chocolate con Fudge,Pastel húmedo de chocolate entero,5,6.90,5.000,t,2026-07-17 19:22:27.718562-05,2026-07-17 19:22:27.718562-05,system,
67,7861000500178,Pan Pita Blanco Sanissimo x6,Pan plano tipo árabe,5,1.70,15.000,t,2026-07-17 19:22:27.718562-05,2026-07-17 19:22:27.718562-05,system,
68,7861000500185,Galletas Ducales Taco 294g,Galletas semi-dulces toque secreto,5,1.80,30.000,t,2026-07-17 19:22:27.718562-05,2026-07-17 19:22:27.718562-05,system,
69,7861000500192,Galletas Club Social pack x9,Galletas saladas empacadas de viaje,5,1.99,40.000,t,2026-07-17 19:22:27.718562-05,2026-07-17 19:22:27.718562-05,system,
70,7861000500208,Pan Baguette de la Casa Unidad,Pan crocante estilo francés,5,0.85,50.000,t,2026-07-17 19:22:27.718562-05,2026-07-17 19:22:27.718562-05,system,
71,7861000500215,Rosquitas de Sal Carchenses 200g,Rosquitas crocantes tradicionales,5,1.10,20.000,t,2026-07-17 19:22:27.718562-05,2026-07-17 19:22:27.718562-05,system,
72,7861000500222,Grissinis de Orégano 150g,Palitos de pan crujientes,5,1.30,15.000,t,2026-07-17 19:22:27.718562-05,2026-07-17 19:22:27.718562-05,system,
73,7861000500239,Pan de Dulce con Manjar x6,Masa dulce rellena de dulce de leche,5,1.50,20.000,t,2026-07-17 19:22:27.718562-05,2026-07-17 19:22:27.718562-05,system,
74,7861000500246,Masa de Hojaldre Hojalpan 500g,Masa laminada lista para usar,5,2.40,10.000,t,2026-07-17 19:22:27.718562-05,2026-07-17 19:22:27.718562-05,system,
75,7861000500253,Alfajores de Maicena pack x4,Postres suaves rellenos de manjar,5,1.80,15.000,t,2026-07-17 19:22:27.718562-05,2026-07-17 19:22:27.718562-05,system,
76,7861000200016,Pechuga de Pollo Entera Mr. Pollo 1kg,Pechuga fresca con hueso y piel,2,5.20,20.000,t,2026-07-17 19:22:27.718562-05,2026-07-17 19:22:27.718562-05,system,
77,7861000200023,Muslos de Pollo Mr. Pollo 1kg,Porciones de muslo de pollo fresco,2,4.10,20.000,t,2026-07-17 19:22:27.718562-05,2026-07-17 19:22:27.718562-05,system,
78,7861000200030,Lomo de Res Premium 1kg,Corte fino de carne de res tierna,2,11.50,10.000,t,2026-07-17 19:22:27.718562-05,2026-07-17 19:22:27.718562-05,system,
79,7861000200047,Carne Molida Especial Res 1kg,Carne magra molida de primera,2,6.80,15.000,t,2026-07-17 19:22:27.718562-05,2026-07-17 19:22:27.718562-05,system,
80,7861000200054,Chuleta de Cerdo Mr. Chancho 1kg,Chuletas de lomo de cerdo con hueso,2,5.90,15.000,t,2026-07-17 19:22:27.718562-05,2026-07-17 19:22:27.718562-05,system,
81,7861000200061,Costilla de Cerdo BBQ Mr. Chancho 1kg,Costillas de cerdo ideales para asar,2,7.80,10.000,t,2026-07-17 19:22:27.718562-05,2026-07-17 19:22:27.718562-05,system,
82,7861000200078,Filete de Corvina Fresco 1kg,Pescado blanco fileteado limpio,2,9.50,8.000,t,2026-07-17 19:22:27.718562-05,2026-07-17 19:22:27.718562-05,system,
83,7861000200085,Camarón Pelado y Desvenado 500g,Camarón ecuatoriano listo para cocinar,2,5.40,15.000,t,2026-07-17 19:22:27.718562-05,2026-07-17 19:22:27.718562-05,system,
84,7861000200092,Carne para Estofado de Res 1kg,Cortes de res picados listos,2,6.20,20.000,t,2026-07-17 19:22:27.718562-05,2026-07-17 19:22:27.718562-05,system,
85,7861000200108,Alitas de Pollo Mr. Pollo 1kg,Alitas frescas de pollo para freír,2,4.50,20.000,t,2026-07-17 19:22:27.718562-05,2026-07-17 19:22:27.718562-05,system,
86,7861000200115,Milanesas de Res Empanadas x4,Filetes de carne de res listos,2,5.10,15.000,t,2026-07-17 19:22:27.718562-05,2026-07-17 19:22:27.718562-05,system,
87,7861000200122,Lomo Fino de Cerdo Mr. Chancho 1kg,Corte de cerdo tierno y sin grasa,2,8.20,10.000,t,2026-07-17 19:22:27.718562-05,2026-07-17 19:22:27.718562-05,system,
88,7861000200139,Filete de Salmón Importado 500g,Filete de salmón premium fresco,2,14.50,6.000,t,2026-07-17 19:22:27.718562-05,2026-07-17 19:22:27.718562-05,system,
89,7861000200146,Carne de Cordero en chuleta 1kg,Corte selecto de cordero nacional,2,12.90,5.000,t,2026-07-17 19:22:27.718562-05,2026-07-17 19:22:27.718562-05,system,
90,7861000200153,Patas de Pollo Limpias 1kg,Patitas de pollo para caldos,2,2.10,15.000,t,2026-07-17 19:22:27.718562-05,2026-07-17 19:22:27.718562-05,system,
91,7861000200160,Mondongo de Res Limpio 1kg,Pancita de res para guisados,2,3.80,10.000,t,2026-07-17 19:22:27.718562-05,2026-07-17 19:22:27.718562-05,system,
92,7861000200177,Tripa de Res para Asar 1kg,Chinchulines preparados para parrillada,2,4.20,10.000,t,2026-07-17 19:22:27.718562-05,2026-07-17 19:22:27.718562-05,system,
93,7861000200184,Carne de Pavo Troceada Soprano 1kg,Carne de pavo congelada magra,2,6.90,12.000,t,2026-07-17 19:22:27.718562-05,2026-07-17 19:22:27.718562-05,system,
94,7861000200191,Lengua de Res Fresca Unidad,Pieza entera de lengua de res limpia,2,8.50,5.000,t,2026-07-17 19:22:27.718562-05,2026-07-17 19:22:27.718562-05,system,
95,7861000200207,Codillo de Cerdo Ahumado 1kg,Pernil de cerdo ahumado para sopas,2,5.50,10.000,t,2026-07-17 19:22:27.718562-05,2026-07-17 19:22:27.718562-05,system,
96,7861000200214,Gizzard de Pollo (Mollejas) 1kg,Mollejas de pollo frescas,2,2.80,15.000,t,2026-07-17 19:22:27.718562-05,2026-07-17 19:22:27.718562-05,system,
97,7861000200221,Filete de Tilapia Fresca 1kg,Pescado de cultivo fileteado,2,6.10,15.000,t,2026-07-17 19:22:27.718562-05,2026-07-17 19:22:27.718562-05,system,
98,7861000200238,Hígado de Res Fresco 1kg,Hígado de res rico en hierro,2,3.40,10.000,t,2026-07-17 19:22:27.718562-05,2026-07-17 19:22:27.718562-05,system,
99,7861000200245,Corazón de Res Troceado 1kg,Ideal para anticuchos o guisados,2,3.20,10.000,t,2026-07-17 19:22:27.718562-05,2026-07-17 19:22:27.718562-05,system,
100,7861000200252,Pulpa de Cangrejo Real 250g,Carne de cangrejo seleccionada lista,2,8.90,8.000,t,2026-07-17 19:22:27.718562-05,2026-07-17 19:22:27.718562-05,system,
101,7861000300013,Mortadela Plumrose Tempe 250g,Mortadela tradicional rebanada,3,1.45,30.000,t,2026-07-17 19:22:27.718562-05,2026-07-17 19:22:27.718562-05,system,
102,7861000300020,Jamón de Cerdo Especial Juris 250g,Jamón cocido de pierna selecta,3,2.80,30.000,t,2026-07-17 19:22:27.718562-05,2026-07-17 19:22:27.718562-05,system,
103,7861000300037,Salchicha de Pollo Plumrose 400g,Salchichas suaves de pollo,3,1.90,40.000,t,2026-07-17 19:22:27.718562-05,2026-07-17 19:22:27.718562-05,system,
104,7861000300044,Tocino Ahumado Rebanado Juris 200g,Láminas de tocino crujiente,3,3.10,25.000,t,2026-07-17 19:22:27.718562-05,2026-07-17 19:22:27.718562-05,system,
105,7861000300051,Chorizo Cuencano La Europea 400g,Chorizo criollo estilo cuencano,3,3.80,20.000,t,2026-07-17 19:22:27.718562-05,2026-07-17 19:22:27.718562-05,system,
106,7861000300068,Salami Ahumado La Europea 150g,Salami rebanado para tablas o pizza,3,2.95,20.000,t,2026-07-17 19:22:27.718562-05,2026-07-17 19:22:27.718562-05,system,
107,7861000300075,Jamón de Pavo Premium Juris 250g,Jamón de pechuga de pavo bajo en grasa,3,3.40,25.000,t,2026-07-17 19:22:27.718562-05,2026-07-17 19:22:27.718562-05,system,
108,7861000300082,Salchicha Frankfurt La Europea 350g,Salchichas premium para hot dog,3,2.90,30.000,t,2026-07-17 19:22:27.718562-05,2026-07-17 19:22:27.718562-05,system,
109,7861000300099,Chorizo Parrillero Plumrose 400g,Chorizos gruesos para asar,3,3.99,20.000,t,2026-07-17 19:22:27.718562-05,2026-07-17 19:22:27.718562-05,system,
110,7861000300105,Pate de Hígado de Cerdo Juris 150g,Pasta untable de hígado sazonado,3,1.25,15.000,t,2026-07-17 19:22:27.718562-05,2026-07-17 19:22:27.718562-05,system,
111,7861000300112,Cabano Picante La Europea 120g,Snack de embutido seco picante,3,1.90,15.000,t,2026-07-17 19:22:27.718562-05,2026-07-17 19:22:27.718562-05,system,
112,7861000300129,Queso de Chancho Tradicional Juris 250g,Embutido gelatinoso de cabeza de cerdo,3,1.60,20.000,t,2026-07-17 19:22:27.718562-05,2026-07-17 19:22:27.718562-05,system,
113,7861000300136,Jamón Serrano Rebanado Importado 100g,Jamón curado maduro,3,4.50,12.000,t,2026-07-17 19:22:27.718562-05,2026-07-17 19:22:27.718562-05,system,
114,7861000300143,Chorizo Español Sarta 200g,Chorizo curado con pimentón,3,3.20,15.000,t,2026-07-17 19:22:27.718562-05,2026-07-17 19:22:27.718562-05,system,
115,7861000300150,Pastrami de Res Rebanado 150g,Pecho de res curado y sazonado,3,3.60,10.000,t,2026-07-17 19:22:27.718562-05,2026-07-17 19:22:27.718562-05,system,
116,7861000300167,Salchicha Alemana Juris 350g,Salchichas blancas sazonadas,3,3.15,20.000,t,2026-07-17 19:22:27.718562-05,2026-07-17 19:22:27.718562-05,system,
117,7861000300174,Chistorra Vasca La Europea 200g,Embutido delgado para freír o asar,3,2.70,15.000,t,2026-07-17 19:22:27.718562-05,2026-07-17 19:22:27.718562-05,system,
118,7861000300181,Jamón con Queso Rebanado Plumrose 200g,Jamón cocido con centro de queso,3,2.45,25.000,t,2026-07-17 19:22:27.718562-05,2026-07-17 19:22:27.718562-05,system,
119,7861000300198,Pepperoni Rebanado para Pizza 150g,Embutido curado picante,3,2.80,20.000,t,2026-07-17 19:22:27.718562-05,2026-07-17 19:22:27.718562-05,system,
120,7861000300204,Morcilla con Arroz Cuencana 350g,Embutido de sangre con arroz y especias,3,2.50,15.000,t,2026-07-17 19:22:27.718562-05,2026-07-17 19:22:27.718562-05,system,
121,7861000300211,Mortadela con Pistacho La Europea 250g,Mortadela fina con frutos secos,3,2.20,15.000,t,2026-07-17 19:22:27.718562-05,2026-07-17 19:22:27.718562-05,system,
122,7861000300228,Longaniza de Cerdo Tradicional 400g,Embutido embutido en tripa natural,3,3.10,15.000,t,2026-07-17 19:22:27.718562-05,2026-07-17 19:22:27.718562-05,system,
123,7861000300235,Jamón de Pollo Rebanado Juris 250g,Alternativa magra al jamón de cerdo,3,2.65,25.000,t,2026-07-17 19:22:27.718562-05,2026-07-17 19:22:27.718562-05,system,
124,7861000300242,Salchicha de Pavo Plumrose 400g,Salchichas de carne de pavo ligera,3,2.15,30.000,t,2026-07-17 19:22:27.718562-05,2026-07-17 19:22:27.718562-05,system,
125,7861000300259,Chorizo Argentino para Choripán x4,Chorizo parrillero criollo,3,4.20,15.000,t,2026-07-17 19:22:27.718562-05,2026-07-17 19:22:27.718562-05,system,
126,7861001100018,Papas Fritas Corte Recto McCains 1kg,Papas prefritas congeladas listas,11,3.60,30.000,t,2026-07-17 19:22:27.718562-05,2026-07-17 19:22:27.718562-05,system,
127,7861001100025,Nuggets de Pollo Fritz 500g,Bocaditos de pollo empanados listos,11,4.10,20.000,t,2026-07-17 19:22:27.718562-05,2026-07-17 19:22:27.718562-05,system,
128,7861001100032,Hamburguesas de Res Fritz x4,Carne moldeada lista para asar,11,2.99,25.000,t,2026-07-17 19:22:27.718562-05,2026-07-17 19:22:27.718562-05,system,
129,7861001100049,Pizza Congelada Personal Americana Dr. Oetker,Pizza con jamón y queso para horno,11,3.85,15.000,t,2026-07-17 19:22:27.718562-05,2026-07-17 19:22:27.718562-05,system,
130,7861001100056,Mezcla de Vegetales Congelados Hortana 500g,"Brócoli, coliflor y zanahoria",11,1.90,25.000,t,2026-07-17 19:22:27.718562-05,2026-07-17 19:22:27.718562-05,system,
131,7861001100063,Pulpa de Guanábana Congelada 500g,Pulpa de fruta natural pasteurizada,11,2.40,20.000,t,2026-07-17 19:22:27.718562-05,2026-07-17 19:22:27.718562-05,system,
132,7861001100070,Lasaña de Carne lista El Gourmet 400g,Lasaña horneable congelada,11,4.50,12.000,t,2026-07-17 19:22:27.718562-05,2026-07-17 19:22:27.718562-05,system,
133,7861001100087,Waffles Congelados Eggo x6,Waffles listos para tostadora,11,3.10,15.000,t,2026-07-17 19:22:27.718562-05,2026-07-17 19:22:27.718562-05,system,
134,7861001100094,Fresas Congeladas Hortana 500g,Fresas enteras seleccionadas congeladas,11,2.60,20.000,t,2026-07-17 19:22:27.718562-05,2026-07-17 19:22:27.718562-05,system,
135,7861001100100,Aros de Cebolla Rebozados McCains 400g,Aros de cebolla listos para freír,11,2.95,15.000,t,2026-07-17 19:22:27.718562-05,2026-07-17 19:22:27.718562-05,system,
136,7861001100117,Dedos de Queso Mozzarella Fritz 350g,Bastones de queso empanados,11,4.20,15.000,t,2026-07-17 19:22:27.718562-05,2026-07-17 19:22:27.718562-05,system,
137,7861001100124,Pulpa de Maracuyá Congelada 500g,Pulpa natural ideal para jugos,11,2.10,20.000,t,2026-07-17 19:22:27.718562-05,2026-07-17 19:22:27.718562-05,system,
138,7861001100131,Pescado Apanado Filetes Congelados x4,Filetes de pescado blanco listos,11,4.99,15.000,t,2026-07-17 19:22:27.718562-05,2026-07-17 19:22:27.718562-05,system,
139,7861001100148,Yuca Troceada Congelada Hortana 1kg,Yuca lista para hervir o freír,11,1.80,20.000,t,2026-07-17 19:22:27.718562-05,2026-07-17 19:22:27.718562-05,system,
140,7861001100155,Arveja y Zanahoria Picada Hortana 500g,Legumbres congeladas al vapor,11,1.55,25.000,t,2026-07-17 19:22:27.718562-05,2026-07-17 19:22:27.718562-05,system,
141,7861001100162,Empanadas de Verde Congeladas x6,Masa de plátano verde con queso,11,2.80,20.000,t,2026-07-17 19:22:27.718562-05,2026-07-17 19:22:27.718562-05,system,
142,7861001100179,Tequeños de Queso Congelados x12,Rollitos de masa de harina con queso,11,3.90,15.000,t,2026-07-17 19:22:27.718562-05,2026-07-17 19:22:27.718562-05,system,
143,7861001100186,Helado Magnum Almendras Unidad,Paleta helada de vainilla con chocolate,11,1.60,40.000,t,2026-07-17 19:22:27.718562-05,2026-07-17 19:22:27.718562-05,system,
144,7861001100193,Pastel de Choclo Congelado 500g,Tarta tradicional de maíz tierno,11,3.10,10.000,t,2026-07-17 19:22:27.718562-05,2026-07-17 19:22:27.718562-05,system,
145,7861001100209,Maíz Dulce desgranado Hortana 500g,Granos de maíz dulce congelados,11,1.75,25.000,t,2026-07-17 19:22:27.718562-05,2026-07-17 19:22:27.718562-05,system,
146,7861001100216,Pechuguitas de Pollo Apanadas Nuggetón 500g,Piezas de pechuga moldeadas crujientes,11,4.60,15.000,t,2026-07-17 19:22:27.718562-05,2026-07-17 19:22:27.718562-05,system,
147,7861001100223,Pulpa de Mora Congelada 500g,Mora seleccionada licuada y congelada,11,2.15,20.000,t,2026-07-17 19:22:27.718562-05,2026-07-17 19:22:27.718562-05,system,
148,7861001100230,Hambuguesas de Pollo Fritz x4,Carne de pollo moldeada sazonada,11,2.80,25.000,t,2026-07-17 19:22:27.718562-05,2026-07-17 19:22:27.718562-05,system,
149,7861001100247,Papas Rústicas en Gajos McCains 750g,Gajos de papa sazonados con cáscara,11,3.40,20.000,t,2026-07-17 19:22:27.718562-05,2026-07-17 19:22:27.718562-05,system,
150,7861001100254,Tarta de Manzana Congelada Sara Lee,Tarta dulce de manzana para calentar,11,6.50,8.000,t,2026-07-17 19:22:27.718562-05,2026-07-17 19:22:27.718562-05,system,
151,7861000600014,Plátano Cavendish (Seda) de Exportación 1kg,Plátano amarillo seleccionado dulce,6,0.90,40.000,t,2026-07-17 19:22:27.718562-05,2026-07-17 19:22:27.718562-05,system,
152,7861000600021,Manzana Roja Importada de Chile 1kg,Manzana roja crujiente fresca,6,1.85,30.000,t,2026-07-17 19:22:27.718562-05,2026-07-17 19:22:27.718562-05,system,
153,7861000600038,Frutillas Seleccionadas Domésticas 500g,Frutilla fresca empacada en bandeja,6,1.60,20.000,t,2026-07-17 19:22:27.718562-05,2026-07-17 19:22:27.718562-05,system,
154,7861000600045,Piña Golden Dulce Mediana Unidad,Piña fresca pelada o entera,6,1.50,25.000,t,2026-07-17 19:22:27.718562-05,2026-07-17 19:22:27.718562-05,system,
155,7861000600052,Papaya Hawayana Mediana Unidad,Papaya fresca entera,6,1.20,20.000,t,2026-07-17 19:22:27.718562-05,2026-07-17 19:22:27.718562-05,system,
156,7861000600069,Melón Escrito Dulce Unidad,Melón jugoso fresco,6,1.60,15.000,t,2026-07-17 19:22:27.718562-05,2026-07-17 19:22:27.718562-05,system,
157,7861000600076,Naranjas de Mesa Dulces x12,Naranjas ideales para jugo o comer,6,1.80,40.000,t,2026-07-17 19:22:27.718562-05,2026-07-17 19:22:27.718562-05,system,
158,7861000600083,Limón Sutil Verde 1kg,Limón ácido para sazonar o bebidas,6,1.10,30.000,t,2026-07-17 19:22:27.718562-05,2026-07-17 19:22:27.718562-05,system,
159,7861000600090,Uva Roja sin semilla Importada 500g,Uva globo roja dulce fresca,6,2.45,15.000,t,2026-07-17 19:22:27.718562-05,2026-07-17 19:22:27.718562-05,system,
160,7861000600106,Mango Tomy Grande Unidad,Mango de mesa maduro dulce,6,0.75,25.000,t,2026-07-17 19:22:27.718562-05,2026-07-17 19:22:27.718562-05,system,
161,7861000600113,Sandía de Manabí Entera Unidad,Sandía roja dulce grande,6,3.50,10.000,t,2026-07-17 19:22:27.718562-05,2026-07-17 19:22:27.718562-05,system,
162,7861000600120,Maracuyá Premium 1kg,Fruta de la pasión para jugos,6,1.30,20.000,t,2026-07-17 19:22:27.718562-05,2026-07-17 19:22:27.718562-05,system,
163,7861000600137,Aguacate Hass Ecuatoriano 1kg,Aguacate cremoso seleccionado,6,2.80,15.000,t,2026-07-17 19:22:27.718562-05,2026-07-17 19:22:27.718562-05,system,
164,7861000600144,Guanábana Entera Dulce 1kg,Fruta fresca blanca muy dulce,6,2.10,8.000,t,2026-07-17 19:22:27.718562-05,2026-07-17 19:22:27.718562-05,system,
165,7861000600151,Naranjilla de Pastaza 1kg,Naranjilla fresca para coladas o jugos,6,1.25,20.000,t,2026-07-17 19:22:27.718562-05,2026-07-17 19:22:27.718562-05,system,
166,7861000600168,Kiwi Verde Importado 500g,Kiwi rico en vitamina C fresco,6,2.20,15.000,t,2026-07-17 19:22:27.718562-05,2026-07-17 19:22:27.718562-05,system,
167,7861000600175,Tamarindo Seco con Cáscara 500g,Tamarindo natural para refrescos,6,1.40,12.000,t,2026-07-17 19:22:27.718562-05,2026-07-17 19:22:27.718562-05,system,
168,7861000600182,Ciruela de Fraile Sierra 500g,Fruta de temporada andina,6,1.15,10.000,t,2026-07-17 19:22:27.718562-05,2026-07-17 19:22:27.718562-05,system,
169,7861000600199,Durazno de Ambato 1kg,Duraznos de piel vellosa fragantes,6,2.30,15.000,t,2026-07-17 19:22:27.718562-05,2026-07-17 19:22:27.718562-05,system,
170,7861000600205,Mora de Castilla Fresca 500g,Mora fresca seleccionada en tarrina,6,1.50,20.000,t,2026-07-17 19:22:27.718562-05,2026-07-17 19:22:27.718562-05,system,
171,7861000600212,Manzana Verde Granny Smith 1kg,Manzana verde ácida para ensaladas,6,1.99,20.000,t,2026-07-17 19:22:27.718562-05,2026-07-17 19:22:27.718562-05,system,
172,7861000600229,Babaco Grande de la Sierra Unidad,Fruto andino fragante para dulce,6,1.80,10.000,t,2026-07-17 19:22:27.718562-05,2026-07-17 19:22:27.718562-05,system,
173,7861000600236,Taxo Dulce de la Sierra 1kg,Fruto andino para sorbetes o jugos,6,1.45,15.000,t,2026-07-17 19:22:27.718562-05,2026-07-17 19:22:27.718562-05,system,
174,7861000600243,Pera de Agua Nacional 1kg,Pera verde suave y jugosa,6,1.70,20.000,t,2026-07-17 19:22:27.718562-05,2026-07-17 19:22:27.718562-05,system,
175,7861000600250,Granadilla de la Sierra pack x6,Fruto dulce de cáscara dura,6,1.95,18.000,t,2026-07-17 19:22:27.718562-05,2026-07-17 19:22:27.718562-05,system,
176,7861000700011,Tomate Riñón de Invernadero 1kg,Tomate rojo firme seleccionado,7,1.10,40.000,t,2026-07-17 19:22:27.718562-05,2026-07-17 19:22:27.718562-05,system,
177,7861000700028,Cebolla Colorada (Paiteña) 1kg,Cebolla morada para ensaladas o aderezos,7,0.95,50.000,t,2026-07-17 19:22:27.718562-05,2026-07-17 19:22:27.718562-05,system,
178,7861000700035,Cebolla Perla Importada 1kg,Cebolla blanca dulce de cocina,7,1.20,40.000,t,2026-07-17 19:22:27.718562-05,2026-07-17 19:22:27.718562-05,system,
179,7861000700042,Pimiento Verde de Mesa 1kg,Pimiento verde fresco grande,7,0.85,30.000,t,2026-07-17 19:22:27.718562-05,2026-07-17 19:22:27.718562-05,system,
180,7861000700059,Zanahoria Amarilla de la Sierra 1kg,Zanahoria fresca rica en caroteno,7,0.70,40.000,t,2026-07-17 19:22:27.718562-05,2026-07-17 19:22:27.718562-05,system,
181,7861000700066,Papa Chola Andina Seleccionada 1kg,Papa arenosa ideal para locros o puré,7,0.80,60.000,t,2026-07-17 19:22:27.718562-05,2026-07-17 19:22:27.718562-05,system,
182,7861000700073,Brócoli de la Sierra Unidad,Arbolitos de brócoli verde oscuro,7,0.90,25.000,t,2026-07-17 19:22:27.718562-05,2026-07-17 19:22:27.718562-05,system,
183,7861000700080,Lechuga Crespa Hidropónica Unidad,Lechuga verde fresca lista para comer,7,0.85,30.000,t,2026-07-17 19:22:27.718562-05,2026-07-17 19:22:27.718562-05,system,
184,7861000700097,Espinaca Fresca Atado Grande,Hojas de espinaca lavada tierna,7,0.75,20.000,t,2026-07-17 19:22:27.718562-05,2026-07-17 19:22:27.718562-05,system,
185,7861000700103,Ajo Macho Entero Cabeza x3,Ajo concentrado para aderezos,7,1.15,25.000,t,2026-07-17 19:22:27.718562-05,2026-07-17 19:22:27.718562-05,system,
186,7861000700110,Coliflor Blanca Grande Unidad,Cabeza de coliflor fresca,7,0.95,20.000,t,2026-07-17 19:22:27.718562-05,2026-07-17 19:22:27.718562-05,system,
187,7861000700127,Zucchini Verde tierno 1kg,Calabacín tierno de mesa,7,1.10,15.000,t,2026-07-17 19:22:27.718562-05,2026-07-17 19:22:27.718562-05,system,
188,7861000700134,Vainita Verde tierna 500g,Legumbre verde fresca en bandeja,7,0.90,20.000,t,2026-07-17 19:22:27.718562-05,2026-07-17 19:22:27.718562-05,system,
189,7861000700141,Choclo Blanco Desgranado 500g,Maíz blanco andino desgranado,7,1.30,25.000,t,2026-07-17 19:22:27.718562-05,2026-07-17 19:22:27.718562-05,system,
190,7861000700158,Mellocos Blancos Lavados 500g,Tubérculo andino lavado listo,7,1.10,20.000,t,2026-07-17 19:22:27.718562-05,2026-07-17 19:22:27.718562-05,system,
191,7861000700165,Hierbas de Sopa (Cilantro/Perejil) Atado,Atado de hierbas aromáticas mixtas,7,0.35,50.000,t,2026-07-17 19:22:27.718562-05,2026-07-17 19:22:27.718562-05,system,
192,7861000700172,Remolacha Dulce 1kg,Betabel fresco para ensalada o jugos,7,0.90,25.000,t,2026-07-17 19:22:27.718562-05,2026-07-17 19:22:27.718562-05,system,
193,7861000700189,Rábano Rojo pack x6,Rábanos crujientes lavados,7,0.65,15.000,t,2026-07-17 19:22:27.718562-05,2026-07-17 19:22:27.718562-05,system,
194,7861000700196,Cebolla de Verdeo (Blanca) Atado,Cebolla larga para refritos,7,0.50,40.000,t,2026-07-17 19:22:27.718562-05,2026-07-17 19:22:27.718562-05,system,
195,7861000700202,Apio Fresco Atado Grande,Tallos crujientes de apio lavado,7,0.80,20.000,t,2026-07-17 19:22:27.718562-05,2026-07-17 19:22:27.718562-05,system,
196,7861000700219,Pimiento Rojo de Mesa 1kg,Pimiento rojo maduro dulce,7,1.60,20.000,t,2026-07-17 19:22:27.718562-05,2026-07-17 19:22:27.718562-05,system,
197,7861000700226,Yuca Amarilla de Oriente 1kg,Yuca suave de fácil cocción,7,0.85,30.000,t,2026-07-17 19:22:27.718562-05,2026-07-17 19:22:27.718562-05,system,
198,7861000700233,Camote Dulce Morado 1kg,Tubérculo dulce morado fresco,7,0.99,20.000,t,2026-07-17 19:22:27.718562-05,2026-07-17 19:22:27.718562-05,system,
199,7861000700240,Berenjena Morada de Invernadero 1kg,Berenjena fresca para guisar,7,1.40,15.000,t,2026-07-17 19:22:27.718562-05,2026-07-17 19:22:27.718562-05,system,
200,7861000700257,Champiñón Blanco Entero Hortana 250g,Hongos comestibles frescos en bandeja,7,1.95,15.000,t,2026-07-17 19:22:27.718562-05,2026-07-17 19:22:27.718562-05,system,
201,7861000111015,Arroz Súper Extra Real 5kg,Arroz de grano largo seleccionado,1,6.50,40.000,t,2026-07-17 19:22:27.718562-05,2026-07-17 19:22:27.718562-05,system,
202,7861000111022,Azúcar Blanco Valdez 1kg,Azúcar refinada de caña,1,1.15,50.000,t,2026-07-17 19:22:27.718562-05,2026-07-17 19:22:27.718562-05,system,
203,7861000111039,Aceite Vegetal La Favorita 900ml,Aceite comestible de palma y soya,1,2.10,45.000,t,2026-07-17 19:22:27.718562-05,2026-07-17 19:22:27.718562-05,system,
204,7861000111046,Atún Real en Agua Lata 140g,Lomo de atún en agua bajo en sodio,1,1.45,60.000,t,2026-07-17 19:22:27.718562-05,2026-07-17 19:22:27.718562-05,system,
205,7861000111053,Atún Real en Aceite de Girasol 140g,Lomo de atún en conserva de aceite,1,1.55,60.000,t,2026-07-17 19:22:27.718562-05,2026-07-17 19:22:27.718562-05,system,
206,7861000111060,Sal Refinada Cris-Sal 1kg,Sal de mesa yodada y fluorada,1,0.45,50.000,t,2026-07-17 19:22:27.718562-05,2026-07-17 19:22:27.718562-05,system,
207,7861000111077,Tallarín de Trigo Don Vittorio 400g,Fideo largo de sémola de trigo,1,0.95,40.000,t,2026-07-17 19:22:27.718562-05,2026-07-17 19:22:27.718562-05,system,
208,7861000111084,Harina de Trigo Ya Premium 1kg,Harina refinada especial multiusos,1,1.25,35.000,t,2026-07-17 19:22:27.718562-05,2026-07-17 19:22:27.718562-05,system,
209,7861000111091,Salsa de Tomate Maggi Doypack 400g,Salsa de tomate condimentada,1,1.60,30.000,t,2026-07-17 19:22:27.718562-05,2026-07-17 19:22:27.718562-05,system,
210,7861000111107,Mayonesa Alacena Tradicional 380g,Salsa mayonesa cremosa receta casera,1,2.20,30.000,t,2026-07-17 19:22:27.718562-05,2026-07-17 19:22:27.718562-05,system,
211,7861000111114,Café Instantáneo Nescafé Tradición 200g,Café soluble puro soluble,1,5.40,25.000,t,2026-07-17 19:22:27.718562-05,2026-07-17 19:22:27.718562-05,system,
212,7861000111121,Avena Polaca Ya Instantánea 500g,Hojuelas finas de avena precocida,1,1.30,30.000,t,2026-07-17 19:22:27.718562-05,2026-07-17 19:22:27.718562-05,system,
213,7861000111138,Lenteja Seca Importada El Sabor 500g,Lenteja seca seleccionada premium,1,1.10,30.000,t,2026-07-17 19:22:27.718562-05,2026-07-17 19:22:27.718562-05,system,
214,7861000111145,Fréjol Rojo Seco El Sabor 500g,Grano de fréjol seco para menestras,1,1.40,25.000,t,2026-07-17 19:22:27.718562-05,2026-07-17 19:22:27.718562-05,system,
215,7861000111152,Sardinas en Salsa de Tomate Real 425g,Sardinas enteras en lata grande,1,1.95,30.000,t,2026-07-17 19:22:27.718562-05,2026-07-17 19:22:27.718562-05,system,
216,7861000111169,Aceite de Oliva Extra Virgen La Española 500ml,Aceite prensado en frío importado,1,6.90,15.000,t,2026-07-17 19:22:27.718562-05,2026-07-17 19:22:27.718562-05,system,
217,7861000111176,Vinagre Blanco Selecto 1L,Vinagre de alcohol purificado,1,0.95,20.000,t,2026-07-17 19:22:27.718562-05,2026-07-17 19:22:27.718562-05,system,
218,7861000111183,Chocolate en Polvo Toddy 400g,Polvo instantáneo azucarado sabor chocolate,1,2.80,20.000,t,2026-07-17 19:22:27.718562-05,2026-07-17 19:22:27.718562-05,system,
219,7861000111190,Mostaza Americana French s 226g,Mostaza preparada tradicional,1,1.50,20.000,t,2026-07-17 19:22:27.718562-05,2026-07-17 19:22:27.718562-05,system,
220,7861000111206,Caldo de Gallina Maggi caja x12 cubos,Concentrado deshidratado sabor a gallina,1,1.20,40.000,t,2026-07-17 19:22:27.718562-05,2026-07-17 19:22:27.718562-05,system,
221,7861000111213,Pasta Corta Macarrones Don Vittorio 400g,Fideo codo de sémola dura,1,0.95,40.000,t,2026-07-17 19:22:27.718562-05,2026-07-17 19:22:27.718562-05,system,
222,7861000111220,Pimienta Negra Molida El Rey 50g,Especias molidas de mesa,1,0.90,30.000,t,2026-07-17 19:22:27.718562-05,2026-07-17 19:22:27.718562-05,system,
223,7861000111237,Ají para Seco en pasta 200g,Condimento andino tradicional listo,1,1.10,25.000,t,2026-07-17 19:22:27.718562-05,2026-07-17 19:22:27.718562-05,system,
224,7861000111244,Polvo para Hornear Royal 100g,Levadura química en polvo,1,1.15,25.000,t,2026-07-17 19:22:27.718562-05,2026-07-17 19:22:27.718562-05,system,
225,7861000111251,Maicena Americana Natural 400g,Fécula de maíz pura purificada,1,1.40,20.000,t,2026-07-17 19:22:27.718562-05,2026-07-17 19:22:27.718562-05,system,
226,7861000800018,Detergente Deja Limón Líquido 3L,Jabón de lavar ropa líquido concentrado,8,7.90,20.000,t,2026-07-17 19:22:27.718562-05,2026-07-17 19:22:27.718562-05,system,
227,7861000800025,Papel Higiénico Familia Acolchadito x12,Papel higiénico doble hoja extra suave,8,4.50,30.000,t,2026-07-17 19:22:27.718562-05,2026-07-17 19:22:27.718562-05,system,
228,7861000800032,Lavaplatos Líquido Axion Limón 750ml,Arrancagrasa concentrado para vajillas,8,2.30,25.000,t,2026-07-17 19:22:27.718562-05,2026-07-17 19:22:27.718562-05,system,
229,7861000800049,Cloro Tradicional Clorox 1L,Desinfectante blanqueador fuerte,8,1.10,40.000,t,2026-07-17 19:22:27.718562-05,2026-07-17 19:22:27.718562-05,system,
230,7861000800056,Suavizante de Ropa Downy Brisa Fresca 1.5L,Acondicionador de telas concentrado,8,4.20,15.000,t,2026-07-17 19:22:27.718562-05,2026-07-17 19:22:27.718562-05,system,
231,7861000800063,Desinfectante de Pisos Poett Lavanda 1.8L,Limpiador aromatizante líquido,8,2.10,25.000,t,2026-07-17 19:22:27.718562-05,2026-07-17 19:22:27.718562-05,system,
232,7861000800070,Limpiavidrios Clin Pistola 500ml,Líquido para ventanas y cristales sin rayas,8,1.85,15.000,t,2026-07-17 19:22:27.718562-05,2026-07-17 19:22:27.718562-05,system,
233,7861000800087,Esponja de Cocina Scotch-Brite pack x3,Fibras para fregar platos multiusos,8,1.40,30.000,t,2026-07-17 19:22:27.718562-05,2026-07-17 19:22:27.718562-05,system,
234,7861000800094,Bolsas de Basura Fundasol Grande x10,Bolsas resistentes negras para residuos,8,1.80,25.000,t,2026-07-17 19:22:27.718562-05,2026-07-17 19:22:27.718562-05,system,
235,7861000800100,Lustramuebles Aerosol Pledge 350ml,Limpiador abrillantador para madera,8,3.20,15.000,t,2026-07-17 19:22:27.718562-05,2026-07-17 19:22:27.718562-05,system,
236,7861000800117,Desatorador de Cañerías Drano Líquido 1L,Fórmula potente para tuberías obstruidas,8,4.80,10.000,t,2026-07-17 19:22:27.718562-05,2026-07-17 19:22:27.718562-05,system,
237,7861000800124,Insecticida Baygon Aerosol Casa y Jardín,Veneno para insectos voladores y rastreros,8,3.60,15.000,t,2026-07-17 19:22:27.718562-05,2026-07-17 19:22:27.718562-05,system,
238,7861000800131,Pastilla Inodoro Pato Purific de Tanque x2,Bloque limpiador aromatizante azul,8,1.95,20.000,t,2026-07-17 19:22:27.718562-05,2026-07-17 19:22:27.718562-05,system,
239,7861000800148,Guantes de Goma Multiusos Protex Unidad,Guantes amarillos protectores de limpieza,8,1.25,20.000,t,2026-07-17 19:22:27.718562-05,2026-07-17 19:22:27.718562-05,system,
240,7861000800155,Detergente Polvo Deja Flores Silvestres 2kg,Detergente multiusos en polvo para ropa,8,4.30,25.000,t,2026-07-17 19:22:27.718562-05,2026-07-17 19:22:27.718562-05,system,
241,7861000800162,Limpiador en Crema Cif Blanco 750ml,Crema microabrasiva desengrasante baños,8,2.60,15.000,t,2026-07-17 19:22:27.718562-05,2026-07-17 19:22:27.718562-05,system,
242,7861000800179,Toallas de Papel Cocina Scott pack x2,Rollos de papel absorbente multiusos,8,1.65,30.000,t,2026-07-17 19:22:27.718562-05,2026-07-17 19:22:27.718562-05,system,
243,7861000800186,Desodorante Ambiental Glade Aerosol Lavanda,Aromatizador de ambientes rápido,8,2.10,20.000,t,2026-07-17 19:22:27.718562-05,2026-07-17 19:22:27.718562-05,system,
244,7861000800193,Lavaplatos Crema Perlita Limón 450g,Pasta tradicional para fregar ollas,8,1.15,30.000,t,2026-07-17 19:22:27.718562-05,2026-07-17 19:22:27.718562-05,system,
245,7861000800209,Saca Grasa de Cocina Mr. Músculo Pulverizador,Limpiador desengrasante para encimeras,8,2.85,15.000,t,2026-07-17 19:22:27.718562-05,2026-07-17 19:22:27.718562-05,system,
246,7861000900015,Colgate Total 12 Crema Dental 150g,Pasta de dientes con flúor protección total,9,2.45,35.000,t,2026-07-17 19:22:27.718562-05,2026-07-17 19:22:27.718562-05,system,
247,7861000900022,Shampoo Head & Shoulders Limpieza Renovadora 375ml,Champú anticaspa de uso diario,9,4.50,20.000,t,2026-07-17 19:22:27.718562-05,2026-07-17 19:22:27.718562-05,system,
248,7861000900039,Jabón en Barra Palmolive Neutro pack x3,Jabón corporal humectante de tocador,9,2.10,30.000,t,2026-07-17 19:22:27.718562-05,2026-07-17 19:22:27.718562-05,system,
249,7861000900046,Desodorante Rexona Clinical Hombre Barra 48g,Antitranspirante máxima protección,9,5.20,15.000,t,2026-07-17 19:22:27.718562-05,2026-07-17 19:22:27.718562-05,system,
250,7861000900053,Enjuague Bucal Colgate Plax Mentol 500ml,Antiséptico bucal sin alcohol refrescante,9,3.80,15.000,t,2026-07-17 19:22:27.718562-05,2026-07-17 19:22:27.718562-05,system,
251,7861000900060,Crema Corporal Nivea Milk Nutritiva 400ml,Loción hidratante para piel extra seca,9,5.90,15.000,t,2026-07-17 19:22:27.718562-05,2026-07-17 19:22:27.718562-05,system,
252,7861000900077,Acondicionador Pantene Restauración 400ml,Acondicionador para cabello dañado,9,4.80,15.000,t,2026-07-17 19:22:27.718562-05,2026-07-17 19:22:27.718562-05,system,
253,7861000900084,Protectores Diarios Nosotras pack x40,Toallas higiénicas delgadas uso diario,9,2.40,25.000,t,2026-07-17 19:22:27.718562-05,2026-07-17 19:22:27.718562-05,system,
254,7861000900091,Gel de Ducha Palmolive Aloe Vera 250ml,Gel corporal líquido humectante,9,2.65,15.000,t,2026-07-17 19:22:27.718562-05,2026-07-17 19:22:27.718562-05,system,
255,7861000900107,Máquina de Afeitar Gillette Prestobarba3 x4,Afeitadoras desechables de 3 hojas,9,3.50,20.000,t,2026-07-17 19:22:27.718562-05,2026-07-17 19:22:27.718562-05,system,
256,7861000900114,Toallas Higiénicas Nosotras Invisible x10,Toallas femeninas ultrafinas con alas,9,1.85,30.000,t,2026-07-17 19:22:27.718562-05,2026-07-17 19:22:27.718562-05,system,
257,7861000900121,Jabón Líquido para Manos Protex Nutri Protect 220ml,Doypack repuesto jabón antibacterial,9,1.50,30.000,t,2026-07-17 19:22:27.718562-05,2026-07-17 19:22:27.718562-05,system,
258,7861000900138,Crema de Peinar Sedal Co-Creations Rizos 300ml,Crema para peinar definidora de rizos,9,2.90,20.000,t,2026-07-17 19:22:27.718562-05,2026-07-17 19:22:27.718562-05,system,
259,7861000900145,Hisopos de Algodón Johnson x100,Copitos con puntas de algodón puro,9,1.10,25.000,t,2026-07-17 19:22:27.718562-05,2026-07-17 19:22:27.718562-05,system,
260,7861000900152,Talco para Pies Rexona Efficiency Eficaz 150g,Desodorante en polvo control de sudor,9,3.10,15.000,t,2026-07-17 19:22:27.718562-05,2026-07-17 19:22:27.718562-05,system,
261,7861000900169,Listerine Cool Mint Antiséptico 500ml,Enjuague para control de placa bacteriana,9,4.20,15.000,t,2026-07-17 19:22:27.718562-05,2026-07-17 19:22:27.718562-05,system,
262,7861000900176,Papel Tisú Elite caja x100 pañuelos,Pañuelos desechables faciales suaves,9,1.20,25.000,t,2026-07-17 19:22:27.718562-05,2026-07-17 19:22:27.718562-05,system,
263,7861000900183,Bloqueador Solar Nivea Sun FPS 50 125ml,Protector solar hidratante contra rayos UV,9,12.50,10.000,t,2026-07-17 19:22:27.718562-05,2026-07-17 19:22:27.718562-05,system,
264,7861000900190,Gel para Cabello Ego Force 200ml,Fijador extremo para peinados de hombre,9,2.10,20.000,t,2026-07-17 19:22:27.718562-05,2026-07-17 19:22:27.718562-05,system,
265,7861000900206,Toallitas Desmaquillantes Neutrógena x25,Toallitas húmedas para retirar maquillaje,9,4.60,15.000,t,2026-07-17 19:22:27.718562-05,2026-07-17 19:22:27.718562-05,system,
266,7861001000011,Alimento Perro Adulto Dog Chow 4kg,Croquetas balanceadas para perros medianos,10,14.50,15.000,t,2026-07-17 19:22:27.718562-05,2026-07-17 19:22:27.718562-05,system,
267,7861001000028,Alimento Gato Gati Adulto Salmón 1.5kg,Croquetas para gatos adultos con omega 3,10,5.90,15.000,t,2026-07-17 19:22:27.718562-05,2026-07-17 19:22:27.718562-05,system,
268,7861001000035,Lata Alimento Húmedo Perro Pedigree Res 290g,Pate de carne de res premium para perro,10,1.80,25.000,t,2026-07-17 19:22:27.718562-05,2026-07-17 19:22:27.718562-05,system,
269,7861001000042,Sobre Alimento Húmedo Gato Whiskas Atún 85g,Trocitos de pescado en salsa jugosa,10,0.95,50.000,t,2026-07-17 19:22:27.718562-05,2026-07-17 19:22:27.718562-05,system,
270,7861001000059,Arena Sanitaria Gato Canat 4kg,Arena aglomerante neutralizadora de olores,10,4.20,20.000,t,2026-07-17 19:22:27.718562-05,2026-07-17 19:22:27.718562-05,system,
271,7861001000066,Shampoo Antipulgas Canino Puppy 400ml,Shampoo medicado para pulgas y garrapatas,10,5.50,10.000,t,2026-07-17 19:22:27.718562-05,2026-07-17 19:22:27.718562-05,system,
272,7861001000073,Hueso de Carnaza Dental Perro x3,Huesos masticables removedores de sarro,10,2.80,15.000,t,2026-07-17 19:22:27.718562-05,2026-07-17 19:22:27.718562-05,system,
273,7861001000080,Snacks para Gatos Temptations Pollo 85g,Bocaditos crujientes rellenos para gato,10,1.95,20.000,t,2026-07-17 19:22:27.718562-05,2026-07-17 19:22:27.718562-05,system,
274,7861001000097,Alimento Perro Cachorro ProPlan 3kg,Nutrición avanzada para cachorros,10,24.90,8.000,t,2026-07-17 19:22:27.718562-05,2026-07-17 19:22:27.718562-05,system,
275,7861001000103,Collar Antipulgas para Perros Seresto,Collar protector insecticida 8 meses,10,39.00,5.000,t,2026-07-17 19:22:27.718562-05,2026-07-17 19:22:27.718562-05,system,
276,7861001000110,Cepillo y Cardina para Mascotas Doble Faz,Peinilla removedora de pelo muerto,10,4.50,10.000,t,2026-07-17 19:22:27.718562-05,2026-07-17 19:22:27.718562-05,system,
277,7861001000127,Bebedero y Comedero Plástico Mascotas,Plato doble de plástico resistente,10,2.50,15.000,t,2026-07-17 19:22:27.718562-05,2026-07-17 19:22:27.718562-05,system,
278,7861001000134,Juguete Pelota de Goma Perros,Pelota chillona para morder,10,1.80,20.000,t,2026-07-17 19:22:27.718562-05,2026-07-17 19:22:27.718562-05,system,
279,7861001000141,Rascador Esquinero de Yute para Gatos,Rascador para garras con colgador,10,9.80,8.000,t,2026-07-17 19:22:27.718562-05,2026-07-17 19:22:27.718562-05,system,
280,7861001000158,Alimento Aves Mezcla Alpiste 1kg,Mezcla de granos para periquitos,10,2.10,15.000,t,2026-07-17 19:22:27.718562-05,2026-07-17 19:22:27.718562-05,system,
281,7861001500016,Pañales Huggies Active Sec Talla G x40,Pañales autoajustables protección total,15,12.80,20.000,t,2026-07-17 19:22:27.718562-05,2026-07-17 19:22:27.718562-05,system,
282,7861001500023,Toallitas Húmedas Huggies Cuidado Puro x80,Toallitas hipoalergénicas sin alcohol,15,2.90,30.000,t,2026-07-17 19:22:27.718562-05,2026-07-17 19:22:27.718562-05,system,
283,7861001500030,Fórmula Infantil Nan Optipro 1 Pro 800g,Fórmula de inicio para lactantes,15,22.50,12.000,t,2026-07-17 19:22:27.718562-05,2026-07-17 19:22:27.718562-05,system,
284,7861001500047,Shampoo Johnson s Baby Neutro 400ml,Shampoo suave que no produce lágrimas,15,4.20,20.000,t,2026-07-17 19:22:27.718562-05,2026-07-17 19:22:27.718562-05,system,
285,7861001500054,Crema Antipañalitis Desitin Original 113g,Crema protectora con óxido de zinc,15,7.80,15.000,t,2026-07-17 19:22:27.718562-05,2026-07-17 19:22:27.718562-05,system,
286,7861001500061,Papilla de Manzana Gerber 113g,Colado de fruta natural para bebés,15,1.15,40.000,t,2026-07-17 19:22:27.718562-05,2026-07-17 19:22:27.718562-05,system,
287,7861001500078,Biberón Avent Classic Anti-colic 260ml,Biberón ergonómico tetina flujo medio,15,8.90,10.000,t,2026-07-17 19:22:27.718562-05,2026-07-17 19:22:27.718562-05,system,
288,7861001500085,Aceite Johnson s Baby Puro 200ml,Aceite mineral suavizante de piel,15,3.40,15.000,t,2026-07-17 19:22:27.718562-05,2026-07-17 19:22:27.718562-05,system,
289,7861001500092,Fórmula de Crecimiento Progress Gold 3 900g,Leche en polvo etapa de desarrollo,15,24.50,10.000,t,2026-07-17 19:22:27.718562-05,2026-07-17 19:22:27.718562-05,system,
290,7861001500108,Papilla Nestum Trigo Miel Cereal 350g,Cereal infantil instantáneo para preparar,15,3.10,25.000,t,2026-07-17 19:22:27.718562-05,2026-07-17 19:22:27.718562-05,system,
291,7861001500115,Chupón de Silicona Ortodóntico Chicco x2,Chupón fisiológico para calmar,15,5.60,15.000,t,2026-07-17 19:22:27.718562-05,2026-07-17 19:22:27.718562-05,system,
292,7861001500122,Jabón Líquido Baby Dove Humectación 200ml,Jabón líquido de baño neutro bebé,15,2.95,20.000,t,2026-07-17 19:22:27.718562-05,2026-07-17 19:22:27.718562-05,system,
293,7861001500139,Talco Johnson s Baby Protección Pura 200g,Fórmula libre de asbesto extra suave,15,2.80,15.000,t,2026-07-17 19:22:27.718562-05,2026-07-17 19:22:27.718562-05,system,
294,7861001500146,Aspirador Nasal de Goma Infantil,Perilla extractora de mucosidad infantil,15,1.95,10.000,t,2026-07-17 19:22:27.718562-05,2026-07-17 19:22:27.718562-05,system,
295,7861001500153,Mordedor de Agua Fría Avent Unidad,Mordedor calmante de encías inflamadas,15,3.80,12.000,t,2026-07-17 19:22:27.718562-05,2026-07-17 19:22:27.718562-05,system,
296,7861001200015,Pila Alcalina Duracell AA pack x4,Pilas de larga duración 1.5v,12,4.10,35.000,t,2026-07-17 19:22:27.718562-05,2026-07-17 19:22:27.718562-05,system,
297,7861001200022,Cargador de Pared USB Tipo C Samsung 25W,Cargador rápido original de pared,12,18.50,15.000,t,2026-07-17 19:22:27.718562-05,2026-07-17 19:22:27.718562-05,system,
298,7861001200039,Cable USB C a USB C Baseus 1m,Cable trenzado de datos y carga rápida,12,6.90,20.000,t,2026-07-17 19:22:27.718562-05,2026-07-17 19:22:27.718562-05,system,
299,7861001200046,Audífonos In-Ear Sony MDR-EX15AP con Micrófono,Auriculares de cable con manos libres,12,12.90,15.000,t,2026-07-17 19:22:27.718562-05,2026-07-17 19:22:27.718562-05,system,
300,7861001200053,Memoria Flash USB 3.0 Kingston 64GB,Pendrive metálico de alta velocidad,12,7.80,25.000,t,2026-07-17 19:22:27.718562-05,2026-07-17 19:22:27.718562-05,system,
301,7861001200060,Foco LED Inteligente Xiaomi Smart Bulb,Luz LED multicolor Wifi compatible con Alexa,12,14.50,12.000,t,2026-07-17 19:22:27.718562-05,2026-07-17 19:22:27.718562-05,system,
302,7861001200077,Extensión Eléctrica Multiprim 3 Metros,Regleta multitoma de 4 entradas,12,4.90,20.000,t,2026-07-17 19:22:27.718562-05,2026-07-17 19:22:27.718562-05,system,
303,7861001200084,Mouse Inalámbrico Logitech M185 Gris,Mouse inalámbrico óptico USB nanoreceptor,12,11.50,15.000,t,2026-07-17 19:22:27.718562-05,2026-07-17 19:22:27.718562-05,system,
304,7861001200091,Tarjeta MicroSD Kingston Canvas 128GB Clase 10,Tarjeta de memoria con adaptador SD,12,13.90,15.000,t,2026-07-17 19:22:27.718562-05,2026-07-17 19:22:27.718562-05,system,
305,7861001200107,Adaptador Bluetooth 5.0 USB para PC,Dongle transmisor inalámbrico para laptop,12,5.50,10.000,t,2026-07-17 19:22:27.718562-05,2026-07-17 19:22:27.718562-05,system,
306,7861001200114,Teclado Alámbrico USB Logitech K120,Teclado tradicional resistente a derrames,12,9.99,12.000,t,2026-07-17 19:22:27.718562-05,2026-07-17 19:22:27.718562-05,system,
307,7861001200121,"Soporte Metálico de Pared para TV 32-55'"",Soporte fijo de alta resistencia,12,14.90,10.000,t,2026-07-17 19:22:27.718562-05,2026-07-17 19:22:27.718562-05,system,
308,7861001200138,Repetidor de Señal Wifi TP-Link Extender,Amplificador de cobertura inalámbrica,12,22.00,8.000,t,2026-07-17 19:22:27.718562-05,2026-07-17 19:22:27.718562-05,system,
309,7861001200145,Batería Portátil Powerbank Adata 10000mAh,Cargador portátil con doble puerto USB,12,15.90,10.000,t,2026-07-17 19:22:27.718562-05,2026-07-17 19:22:27.718562-05,system,
310,7861001200152,Audífonos Bluetooth Inalámbricos JBL Tune,Auriculares de diadema con graves puros,12,38.00,5.000,t,2026-07-17 19:22:27.718562-05,2026-07-17 19:22:27.718562-05,system,
311,7861001200169,Calculadora Científica Casio FX-82LAX,Calculadora escolar avanzada en español,12,16.50,15.000,t,2026-07-17 19:22:27.718562-05,2026-07-17 19:22:27.718562-05,system,
312,7861001200176,Cable HDMI 2.0 de Alta Velocidad 1.8m,Cable para resolución 4K y Full HD,12,3.80,20.000,t,2026-07-17 19:22:27.718562-05,2026-07-17 19:22:27.718562-05,system,
313,7861001200183,Base Refrigeradora para Laptop con Ventilador,Soporte ergonómico con extractor de calor,12,12.50,10.000,t,2026-07-17 19:22:27.718562-05,2026-07-17 19:22:27.718562-05,system,
314,7861001200190,Router inalámbrico Smart TP-Link Archer,Router dual band alta cobertura,12,34.00,6.000,t,2026-07-17 19:22:27.718562-05,2026-07-17 19:22:27.718562-05,system,
315,7861001200206,Adaptador OTG USB a Tipo C Metálico,Convertidor rápido para celular,12,2.10,30.000,t,2026-07-17 19:22:27.718562-05,2026-07-17 19:22:27.718562-05,system,
316,7861001200213,Lector de Memorias SD y MicroSD USB,Lector de tarjetas compacto,12,3.50,15.000,t,2026-07-17 19:22:27.718562-05,2026-07-17 19:22:27.718562-05,system,
317,7861001200220,Cámara Web USB HD con Micrófono,Cámara para videoconferencias y streaming,12,18.00,8.000,t,2026-07-17 19:22:27.718562-05,2026-07-17 19:22:27.718562-05,system,
318,7861001200237,Cargador de Auto Carga Rápida Dual USB,Adaptador encendedor de auto,12,5.90,15.000,t,2026-07-17 19:22:27.718562-05,2026-07-17 19:22:27.718562-05,system,
319,7861001200244,Smartwatch Deportivo Digital Band 6,Pulsera inteligente de ritmo cardíaco,12,29.90,8.000,t,2026-07-17 19:22:27.718562-05,2026-07-17 19:22:27.718562-05,system,
320,7861001200251,Parlante Bluetooth Impermeable Portable,Altavoz inalámbrico recargable,12,19.50,10.000,t,2026-07-17 19:22:27.718562-05,2026-07-17 19:22:27.718562-05,system,
321,7861001300012,Sartén de Aluminio Antiadherente Umco 24cm,Sartén con doble capa de teflón,13,8.90,15.000,t,2026-07-17 19:22:27.718562-05,2026-07-17 19:22:27.718562-05,system,
322,7861001300029,Vaso de Vidrio Templado Crisa pack x6,Vasos transparentes de mesa familiares,13,4.20,20.000,t,2026-07-17 19:22:27.718562-05,2026-07-17 19:22:27.718562-05,system,
323,7861001300036,Juego de Cubiertos Tramontina Inox x12,"Cucharas, tenedores y cuchillos de mesa",13,6.50,15.000,t,2026-07-17 19:22:27.718562-05,2026-07-17 19:22:27.718562-05,system,
324,7861001300043,Toalla de Baño de Algodón Teka 70x130cm,Toalla absorbente afelpada gruesa,13,7.20,15.000,t,2026-07-17 19:22:27.718562-05,2026-07-17 19:22:27.718562-05,system,
325,7861001300050,Almohada de Fibra Siliconada Ortopédica Chaide,Almohada blanda antialérgica de descanso,13,8.50,20.000,t,2026-07-17 19:22:27.718562-05,2026-07-17 19:22:27.718562-05,system,
326,7861001300067,Olla de Presión de Aluminio Umco 4L,Olla clásica con sistema de válvulas,13,24.90,8.000,t,2026-07-17 19:22:27.718562-05,2026-07-17 19:22:27.718562-05,system,
327,7861001300074,Caja de Herramientas Plástica Estándar,Caja con compartimentos y asa de transporte,13,11.20,10.000,t,2026-07-17 19:22:27.718562-05,2026-07-17 19:22:27.718562-05,system,
328,7861001300081,Platos Playeros Hondos de Porcelana Corona x6,Vajilla tradicional de comedor,13,9.80,12.000,t,2026-07-17 19:22:27.718562-05,2026-07-17 19:22:27.718562-05,system,
329,7861001300098,Organizador de Zapatos Plástico Armable,Estante modular de 4 niveles para calzado,13,12.50,10.000,t,2026-07-17 19:22:27.718562-05,2026-07-17 19:22:27.718562-05,system,
330,7861001300104,Linterna LED de Mano Recargable,Linterna potente recarga de tomacorriente,13,5.10,15.000,t,2026-07-17 19:22:27.718562-05,2026-07-17 19:22:27.718562-05,system,
331,7861001300111,Colador de Acero Inoxidable de Cocina,Colador de malla fina metálica,13,3.20,15.000,t,2026-07-17 19:22:27.718562-05,2026-07-17 19:22:27.718562-05,system,
332,7861001300128,"Cuchillo de Cocina Tramontina Profesional 8'"",Cuchillo de chef de acero inoxidable,13,4.80,20.000,t,2026-07-17 19:22:27.718562-05,2026-07-17 19:22:27.718562-05,system,
333,7861001300135,Cafetera de Filtro Eléctrica Oster 12 Tazas,Cafetera tradicional programable de goteo,13,34.90,5.000,t,2026-07-17 19:22:27.718562-05,2026-07-17 19:22:27.718562-05,system,
334,7861001300142,Jarra de Vidrio para Agua con Tapa Plástica 1.5L,Jarra resistente para refrigeradora,13,3.90,15.000,t,2026-07-17 19:22:27.718562-05,2026-07-17 19:22:27.718562-05,system,
335,7861001300159,Tabla de Picar de Plástico Higiénica 30x40,Tabla libre de BPA antideslizante,13,3.10,20.000,t,2026-07-17 19:22:27.718562-05,2026-07-17 19:22:27.718562-05,system,
336,7861001300166,Sanduchera Eléctrica Antiadherente Oster,Placas calientes de cierre sellado,13,22.50,8.000,t,2026-07-17 19:22:27.718562-05,2026-07-17 19:22:27.718562-05,system,
337,7861001300173,Licuadora de Vaso de Vidrio Oster 1.5L,Licuadora clásica de 2 velocidades,13,48.00,6.000,t,2026-07-17 19:22:27.718562-05,2026-07-17 19:22:27.718562-05,system,
338,7861001300180,Ganchos de Ropa Plásticos pack x12,Ganchos organizadores de armario negros,13,1.80,30.000,t,2026-07-17 19:22:27.718562-05,2026-07-17 19:22:27.718562-05,system,
339,7861001300197,Perchero de Madera para Pared 4 Ganchos,Perchero esquinero barnizado resistente,13,5.90,10.000,t,2026-07-17 19:22:27.718562-05,2026-07-17 19:22:27.718562-05,system,
340,7861001300203,Balde de Agua de Plástico con Asa 12L,Balde de limpieza de gran capacidad,13,2.30,25.000,t,2026-07-17 19:22:27.718562-05,2026-07-17 19:22:27.718562-05,system,
341,7861001300210,Termo de Acero Inoxidable Lumilagro 1L,Termo de conservación caliente 12 horas,13,14.20,10.000,t,2026-07-17 19:22:27.718562-05,2026-07-17 19:22:27.718562-05,system,
342,7861001300227,Contenedor de Alimentos Hermético Lock & Lock 1L,Taper hermético de alta seguridad,13,4.10,20.000,t,2026-07-17 19:22:27.718562-05,2026-07-17 19:22:27.718562-05,system,
343,7861001300234,Cortina de Baño de Poliéster Impermeable,Cortina lavable de ducha con argollas,13,6.90,15.000,t,2026-07-17 19:22:27.718562-05,2026-07-17 19:22:27.718562-05,system,
344,7861001300241,Escoba de Cerdas Suaves para Interiores,Escoba barredora de pisos delicados,13,1.95,25.000,t,2026-07-17 19:22:27.718562-05,2026-07-17 19:22:27.718562-05,system,
345,7861001300258,Basurero de Pedal Plástico 15L Estella,Tacho de basura higiénico de cocina,13,7.80,12.000,t,2026-07-17 19:22:27.718562-05,2026-07-17 19:22:27.718562-05,system,
346,7861001400019,Cuaderno Universitario Estilo Espiral Líneas 100 Hojas,Cuaderno escolar espirado básico,14,1.45,50.000,t,2026-07-17 19:22:27.718562-05,2026-07-17 19:22:27.718562-05,system,
347,7861001400026,Bolígrafo Bic Cristal Azul pack x4,Plumas de tinta seca punto medio,14,1.20,60.000,t,2026-07-17 19:22:27.718562-05,2026-07-17 19:22:27.718562-05,system,
348,7861001400033,Lápiz de Grafito Faber-Castell HB pack x4,Lápices clásicos escolares de madera,14,1.10,60.000,t,2026-07-17 19:22:27.718562-05,2026-07-17 19:22:27.718562-05,system,
349,7861001400040,Caja de Lápices de Colores Faber-Castell x12,Colores vivos y minas de alta resistencia,14,3.40,30.000,t,2026-07-17 19:22:27.718562-05,2026-07-17 19:22:27.718562-05,system,
350,7861001400057,Resma de Papel Bond A4 Report 500 Hojas,Papel blanco de impresión fotocopiadora,14,4.60,40.000,t,2026-07-17 19:22:27.718562-05,2026-07-17 19:22:27.718562-05,system,
351,7861001400064,Goma Blanca Escolar Elmer s 118ml,Pegamento escolar lavable no tóxico,14,1.15,35.000,t,2026-07-17 19:22:27.718562-05,2026-07-17 19:22:27.718562-05,system,
352,7861001400071,Marcadores Permanentes Sharpie Negro pack x2,Marcadores punta fina de tinta indeleble,14,2.50,30.000,t,2026-07-17 19:22:27.718562-05,2026-07-17 19:22:27.718562-05,system,
353,7861001400088,Carpeta Plástica con Vincha A4 pack x5,Carpetas de oficina archiveras,14,1.80,40.000,t,2026-07-17 19:22:27.718562-05,2026-07-17 19:22:27.718562-05,system,
354,7861001400095,Tijera Escolar punta roma Mundial 13cm,Tijera de seguridad para niños,14,0.95,30.000,t,2026-07-17 19:22:27.718562-05,2026-07-17 19:22:27.718562-05,system,
355,7861001400101,Juego Geométrico Plástico Flexible 4 Piezas,"Regla, escuadras y transportador irrompibles",14,1.60,25.000,t,2026-07-17 19:22:27.718562-05,2026-07-17 19:22:27.718562-05,system,
356,7861001400118,Cinta Adhesiva Transparente Scotch 18mx12mm x3,Rollos de cinta scotch escolares,14,1.25,40.000,t,2026-07-17 19:22:27.718562-05,2026-07-17 19:22:27.718562-05,system,
357,7861001400125,Borrador de Queso Faber-Castell pack x2,Borradores blancos suaves para papel,14,0.60,50.000,t,2026-07-17 19:22:27.718562-05,2026-07-17 19:22:27.718562-05,system,
358,7861001400132,Sacapuntas con Depósito Plástico x2,Sacapuntas de doble orificio para lápices,14,0.90,45.000,t,2026-07-17 19:22:27.718562-05,2026-07-17 19:22:27.718562-05,system,
359,7861001400149,Resaltadores de Texto Stabilo Boss pack x4,Marcadores fluorescentes pastel,14,4.20,20.000,t,2026-07-17 19:22:27.718562-05,2026-07-17 19:22:27.718562-05,system,
360,7861001400156,Plastilina Escolar de barra Pelikan x10 colores,Masas moldeadoras suaves de colores,14,1.85,30.000,t,2026-07-17 19:22:27.718562-05,2026-07-17 19:22:27.718562-05,system,
361,7861001400163,Notas Adhesivas Post-it Amarillas 76x76mm,Taco de notas removibles amarillas,14,1.40,30.000,t,2026-07-17 19:22:27.718562-05,2026-07-17 19:22:27.718562-05,system,
362,7861001400170,Engrapadora de Oficina Metálica Petrus,Engrapadora estándar para grapas 26/6,14,5.90,15.000,t,2026-07-17 19:22:27.718562-05,2026-07-17 19:22:27.718562-05,system,
363,7861001400187,Grapas Metálicas Petrus 26/6 caja x5000,Consumibles de oficina estándar,14,1.20,25.000,t,2026-07-17 19:22:27.718562-05,2026-07-17 19:22:27.718562-05,system,
364,7861001400194,Clips de Oficina Metálicos Standard caja x100,Clips niquelados de tamaño mediano,14,0.75,40.000,t,2026-07-17 19:22:27.718562-05,2026-07-17 19:22:27.718562-05,system,
365,7861001400200,Corrector Líquido tipo Lápiz Liquid Paper,Lapicero corrector de secado rápido,14,1.10,35.000,t,2026-07-17 19:22:27.718562-05,2026-07-17 19:22:27.718562-05,system,
366,7861001400217,Marcadores de Pizarra Recargables Pilot pack x4,Marcadores de borrado seco para acrílico,14,4.80,20.000,t,2026-07-17 19:22:27.718562-05,2026-07-17 19:22:27.718562-05,system,
367,7861001400224,Fomi de Colores formato A4 pack x10,Láminas de espuma EVA de manualidades,14,1.50,25.000,t,2026-07-17 19:22:27.718562-05,2026-07-17 19:22:27.718562-05,system,
368,7861001400231,Cartulina Escolar de Colores A4 pack x20,Cartulinas de colores variados ligeras,14,1.70,30.000,t,2026-07-17 19:22:27.718562-05,2026-07-17 19:22:27.718562-05,system,
369,7861001400248,Papel Crepé Escolar Pliego pack x5 colores,Papel para manualidades y decoración,14,1.10,25.000,t,2026-07-17 19:22:27.718562-05,2026-07-17 19:22:27.718562-05,system,
370,7861001400255,Agenda Diaria Ejecutiva Pasta Dura,Libreta de planificación ejecutiva,14,6.50,12.000,t,2026-07-17 19:22:27.718562-05,2026-07-17 19:22:27.718562-05,system,
